0 verbose cli /usr/bin/node /usr/bin/npm
1 info using npm@10.9.4
2 info using node@v22.22.0
3 silly config load:file:/usr/lib/node_modules/npm/npmrc
4 silly config load:file:/opt/mos/frontend/.npmrc
5 silly config load:file:/home/ec2-user/.npmrc
6 silly config load:file:/usr/etc/npmrc
7 verbose title npm install
8 verbose argv "install"
9 verbose logfile logs-max:10 dir:/home/ec2-user/.npm/_logs/2026-01-21T04_51_36_312Z-
10 verbose logfile /home/ec2-user/.npm/_logs/2026-01-21T04_51_36_312Z-debug-0.log
11 silly logfile done cleaning log files
12 silly packumentCache heap:1028390912 maxSize:257097728 maxEntrySize:128548864
13 silly idealTree buildDeps
14 silly fetch manifest axios@^1.13.2
15 silly packumentCache full:https://registry.npmjs.org/axios cache-miss
16 http fetch GET 200 https://registry.npmjs.org/axios 102ms (cache miss)
17 silly packumentCache full:https://registry.npmjs.org/axios set size:undefined disposed:false
18 silly fetch manifest react@^19.2.0
19 silly packumentCache full:https://registry.npmjs.org/react cache-miss
20 http fetch GET 200 https://registry.npmjs.org/react 294ms (cache miss)
21 silly packumentCache full:https://registry.npmjs.org/react set size:undefined disposed:false
22 silly fetch manifest react-dom@^19.2.0
23 silly packumentCache full:https://registry.npmjs.org/react-dom cache-miss
24 http fetch GET 200 https://registry.npmjs.org/react-dom 221ms (cache miss)
25 silly packumentCache full:https://registry.npmjs.org/react-dom set size:undefined disposed:false
26 silly fetch manifest react-router-dom@^7.12.0
27 silly packumentCache full:https://registry.npmjs.org/react-router-dom cache-miss
28 http fetch GET 200 https://registry.npmjs.org/react-router-dom 77ms (cache miss)
29 silly packumentCache full:https://registry.npmjs.org/react-router-dom set size:undefined disposed:false
30 silly fetch manifest recharts@^3.6.0
31 silly packumentCache full:https://registry.npmjs.org/recharts cache-miss
32 http fetch GET 200 https://registry.npmjs.org/recharts 51ms (cache miss)
33 silly packumentCache full:https://registry.npmjs.org/recharts set size:undefined disposed:false
34 silly fetch manifest react-is@^16.8.0 || ^17.0.0 || ^18.0.0 || ^19.0.0
35 silly packumentCache full:https://registry.npmjs.org/react-is cache-miss
36 http fetch GET 200 https://registry.npmjs.org/react-is 175ms (cache miss)
37 silly packumentCache full:https://registry.npmjs.org/react-is set size:undefined disposed:false
38 silly fetch manifest @eslint/js@^9.39.1
39 silly packumentCache full:https://registry.npmjs.org/@eslint%2fjs cache-miss
40 http fetch GET 200 https://registry.npmjs.org/@eslint%2fjs 87ms (cache miss)
41 silly packumentCache full:https://registry.npmjs.org/@eslint%2fjs set size:undefined disposed:false
42 silly fetch manifest @types/node@^24.10.1
43 silly packumentCache full:https://registry.npmjs.org/@types%2fnode cache-miss
44 http fetch GET 200 https://registry.npmjs.org/@types%2fnode 190ms (cache miss)
45 silly packumentCache full:https://registry.npmjs.org/@types%2fnode set size:undefined disposed:false
46 silly fetch manifest @types/react@^19.2.5
47 silly packumentCache full:https://registry.npmjs.org/@types%2freact cache-miss
48 http fetch GET 200 https://registry.npmjs.org/@types%2freact 122ms (cache miss)
49 silly packumentCache full:https://registry.npmjs.org/@types%2freact set size:undefined disposed:false
50 silly fetch manifest @types/react-dom@^19.2.3
51 silly packumentCache full:https://registry.npmjs.org/@types%2freact-dom cache-miss
52 http fetch GET 200 https://registry.npmjs.org/@types%2freact-dom 50ms (cache miss)
53 silly packumentCache full:https://registry.npmjs.org/@types%2freact-dom set size:undefined disposed:false
54 silly fetch manifest @vitejs/plugin-react@^5.1.1
55 silly packumentCache full:https://registry.npmjs.org/@vitejs%2fplugin-react cache-miss
56 http fetch GET 200 https://registry.npmjs.org/@vitejs%2fplugin-react 354ms (cache miss)
57 silly packumentCache full:https://registry.npmjs.org/@vitejs%2fplugin-react set size:undefined disposed:false
58 silly fetch manifest vite@^7.2.4
59 silly packumentCache full:https://registry.npmjs.org/vite cache-miss
60 http fetch GET 200 https://registry.npmjs.org/vite 954ms (cache miss)
61 silly packumentCache full:https://registry.npmjs.org/vite set size:undefined disposed:false
62 silly fetch manifest jiti@>=1.21.0
63 silly packumentCache full:https://registry.npmjs.org/jiti cache-miss
64 http fetch GET 200 https://registry.npmjs.org/jiti 33ms (cache miss)
65 silly packumentCache full:https://registry.npmjs.org/jiti set size:undefined disposed:false
66 silly fetch manifest less@^4.0.0
67 silly packumentCache full:https://registry.npmjs.org/less cache-miss
68 http fetch GET 200 https://registry.npmjs.org/less 64ms (cache miss)
69 silly packumentCache full:https://registry.npmjs.org/less set size:undefined disposed:false
70 silly fetch manifest lightningcss@^1.21.0
71 silly packumentCache full:https://registry.npmjs.org/lightningcss cache-miss
72 http fetch GET 200 https://registry.npmjs.org/lightningcss 50ms (cache miss)
73 silly packumentCache full:https://registry.npmjs.org/lightningcss set size:undefined disposed:false
74 silly fetch manifest sass@^1.70.0
75 silly packumentCache full:https://registry.npmjs.org/sass cache-miss
76 http fetch GET 200 https://registry.npmjs.org/sass 43ms (cache miss)
77 silly packumentCache full:https://registry.npmjs.org/sass set size:undefined disposed:false
78 silly fetch manifest sass-embedded@^1.70.0
79 silly packumentCache full:https://registry.npmjs.org/sass-embedded cache-miss
80 http fetch GET 200 https://registry.npmjs.org/sass-embedded 39ms (cache miss)
81 silly packumentCache full:https://registry.npmjs.org/sass-embedded set size:undefined disposed:false
82 silly fetch manifest stylus@>=0.54.8
83 silly packumentCache full:https://registry.npmjs.org/stylus cache-miss
84 http fetch GET 200 https://registry.npmjs.org/stylus 42ms (cache miss)
85 silly packumentCache full:https://registry.npmjs.org/stylus set size:undefined disposed:false
86 silly fetch manifest sugarss@^5.0.0
87 silly packumentCache full:https://registry.npmjs.org/sugarss cache-miss
88 http fetch GET 200 https://registry.npmjs.org/sugarss 33ms (cache miss)
89 silly packumentCache full:https://registry.npmjs.org/sugarss set size:undefined disposed:false
90 silly fetch manifest postcss@^8.3.3
91 silly packumentCache full:https://registry.npmjs.org/postcss cache-miss
92 http fetch GET 200 https://registry.npmjs.org/postcss 39ms (cache miss)
93 silly packumentCache full:https://registry.npmjs.org/postcss set size:undefined disposed:false
94 silly fetch manifest terser@^5.16.0
95 silly packumentCache full:https://registry.npmjs.org/terser cache-miss
96 http fetch GET 200 https://registry.npmjs.org/terser 47ms (cache miss)
97 silly packumentCache full:https://registry.npmjs.org/terser set size:undefined disposed:false
98 silly fetch manifest tsx@^4.8.1
99 silly packumentCache full:https://registry.npmjs.org/tsx cache-miss
100 http fetch GET 200 https://registry.npmjs.org/tsx 57ms (cache miss)
101 silly packumentCache full:https://registry.npmjs.org/tsx set size:undefined disposed:false
102 silly fetch manifest yaml@^2.4.2
103 silly packumentCache full:https://registry.npmjs.org/yaml cache-miss
104 http fetch GET 200 https://registry.npmjs.org/yaml 39ms (cache miss)
105 silly packumentCache full:https://registry.npmjs.org/yaml set size:undefined disposed:false
106 silly fetch manifest eslint@^9.39.1
107 silly packumentCache full:https://registry.npmjs.org/eslint cache-miss
108 http fetch GET 200 https://registry.npmjs.org/eslint 80ms (cache miss)
109 silly packumentCache full:https://registry.npmjs.org/eslint set size:undefined disposed:false
110 silly fetch manifest jiti@*
111 silly packumentCache full:https://registry.npmjs.org/jiti cache-miss
112 http cache https://registry.npmjs.org/jiti 7ms (cache hit)
113 silly packumentCache full:https://registry.npmjs.org/jiti set size:382310 disposed:false
114 silly fetch manifest eslint-plugin-react-hooks@^7.0.1
115 silly packumentCache full:https://registry.npmjs.org/eslint-plugin-react-hooks cache-miss
116 http fetch GET 200 https://registry.npmjs.org/eslint-plugin-react-hooks 137ms (cache miss)
117 silly packumentCache full:https://registry.npmjs.org/eslint-plugin-react-hooks set size:undefined disposed:false
118 silly fetch manifest eslint-plugin-react-refresh@^0.4.24
119 silly packumentCache full:https://registry.npmjs.org/eslint-plugin-react-refresh cache-miss
120 http fetch GET 200 https://registry.npmjs.org/eslint-plugin-react-refresh 495ms (cache miss)
121 silly packumentCache full:https://registry.npmjs.org/eslint-plugin-react-refresh set size:undefined disposed:false
122 silly fetch manifest globals@^16.5.0
123 silly packumentCache full:https://registry.npmjs.org/globals cache-miss
124 http fetch GET 200 https://registry.npmjs.org/globals 80ms (cache miss)
125 silly packumentCache full:https://registry.npmjs.org/globals set size:undefined disposed:false
126 silly fetch manifest typescript@~5.9.3
127 silly packumentCache full:https://registry.npmjs.org/typescript cache-miss
128 http fetch GET 200 https://registry.npmjs.org/typescript 275ms (cache miss)
129 silly packumentCache full:https://registry.npmjs.org/typescript set size:undefined disposed:false
130 silly fetch manifest typescript-eslint@^8.46.4
131 silly packumentCache full:https://registry.npmjs.org/typescript-eslint cache-miss
132 http fetch GET 200 https://registry.npmjs.org/typescript-eslint 78ms (cache miss)
133 silly packumentCache full:https://registry.npmjs.org/typescript-eslint set size:undefined disposed:false
134 silly placeDep ROOT @eslint/js@9.39.2 OK for: frontend@0.0.0 want: ^9.39.1
135 silly placeDep ROOT @types/node@24.10.9 OK for: frontend@0.0.0 want: ^24.10.1
136 silly placeDep ROOT @types/react@19.2.9 OK for: frontend@0.0.0 want: ^19.2.5
137 silly placeDep ROOT @types/react-dom@19.2.3 OK for: frontend@0.0.0 want: ^19.2.3
138 silly placeDep ROOT @vitejs/plugin-react@5.1.2 OK for: frontend@0.0.0 want: ^5.1.1
139 silly placeDep ROOT vite@7.3.1 OK for: @vitejs/plugin-react@5.1.2 want: ^4.2.0 || ^5.0.0 || ^6.0.0 || ^7.0.0
140 silly placeDep ROOT axios@1.13.2 OK for: frontend@0.0.0 want: ^1.13.2
141 silly placeDep ROOT eslint@9.39.2 OK for: frontend@0.0.0 want: ^9.39.1
142 silly placeDep ROOT eslint-plugin-react-hooks@7.0.1 OK for: frontend@0.0.0 want: ^7.0.1
143 silly placeDep ROOT eslint-plugin-react-refresh@0.4.26 OK for: frontend@0.0.0 want: ^0.4.24
144 silly placeDep ROOT globals@16.5.0 OK for: frontend@0.0.0 want: ^16.5.0
145 silly placeDep ROOT react@19.2.3 OK for: frontend@0.0.0 want: ^19.2.0
146 silly placeDep ROOT react-dom@19.2.3 OK for: frontend@0.0.0 want: ^19.2.0
147 silly placeDep ROOT react-router-dom@7.12.0 OK for: frontend@0.0.0 want: ^7.12.0
148 silly placeDep ROOT recharts@3.6.0 OK for: frontend@0.0.0 want: ^3.6.0
149 silly placeDep ROOT react-is@19.2.3 OK for: recharts@3.6.0 want: ^16.8.0 || ^17.0.0 || ^18.0.0 || ^19.0.0
150 silly placeDep ROOT typescript@5.9.3 OK for: frontend@0.0.0 want: ~5.9.3
151 silly placeDep ROOT typescript-eslint@8.53.1 OK for: frontend@0.0.0 want: ^8.46.4
152 silly fetch manifest undici-types@~7.16.0
153 silly packumentCache full:https://registry.npmjs.org/undici-types cache-miss
154 http fetch GET 200 https://registry.npmjs.org/undici-types 32ms (cache miss)
155 silly packumentCache full:https://registry.npmjs.org/undici-types set size:undefined disposed:false
156 silly fetch manifest csstype@^3.2.2
157 silly packumentCache full:https://registry.npmjs.org/csstype cache-miss
158 http fetch GET 200 https://registry.npmjs.org/csstype 31ms (cache miss)
159 silly packumentCache full:https://registry.npmjs.org/csstype set size:undefined disposed:false
160 silly fetch manifest @babel/core@^7.28.5
161 silly packumentCache full:https://registry.npmjs.org/@babel%2fcore cache-miss
162 http fetch GET 200 https://registry.npmjs.org/@babel%2fcore 43ms (cache miss)
163 silly packumentCache full:https://registry.npmjs.org/@babel%2fcore set size:undefined disposed:false
164 silly fetch manifest @babel/plugin-transform-react-jsx-self@^7.27.1
165 silly packumentCache full:https://registry.npmjs.org/@babel%2fplugin-transform-react-jsx-self cache-miss
166 http fetch GET 200 https://registry.npmjs.org/@babel%2fplugin-transform-react-jsx-self 382ms (cache miss)
167 silly packumentCache full:https://registry.npmjs.org/@babel%2fplugin-transform-react-jsx-self set size:undefined disposed:false
168 silly fetch manifest @babel/plugin-transform-react-jsx-source@^7.27.1
169 silly packumentCache full:https://registry.npmjs.org/@babel%2fplugin-transform-react-jsx-source cache-miss
170 http fetch GET 200 https://registry.npmjs.org/@babel%2fplugin-transform-react-jsx-source 47ms (cache miss)
171 silly packumentCache full:https://registry.npmjs.org/@babel%2fplugin-transform-react-jsx-source set size:undefined disposed:false
172 silly fetch manifest @rolldown/pluginutils@1.0.0-beta.53
173 silly packumentCache full:https://registry.npmjs.org/@rolldown%2fpluginutils cache-miss
174 http fetch GET 200 https://registry.npmjs.org/@rolldown%2fpluginutils 62ms (cache miss)
175 silly packumentCache full:https://registry.npmjs.org/@rolldown%2fpluginutils set size:undefined disposed:false
176 silly fetch manifest @types/babel__core@^7.20.5
177 silly packumentCache full:https://registry.npmjs.org/@types%2fbabel__core cache-miss
178 http fetch GET 200 https://registry.npmjs.org/@types%2fbabel__core 53ms (cache miss)
179 silly packumentCache full:https://registry.npmjs.org/@types%2fbabel__core set size:undefined disposed:false
180 silly fetch manifest react-refresh@^0.18.0
181 silly packumentCache full:https://registry.npmjs.org/react-refresh cache-miss
182 http fetch GET 200 https://registry.npmjs.org/react-refresh 113ms (cache miss)
183 silly packumentCache full:https://registry.npmjs.org/react-refresh set size:undefined disposed:false
184 silly fetch manifest fdir@^6.5.0
185 silly packumentCache full:https://registry.npmjs.org/fdir cache-miss
186 http fetch GET 200 https://registry.npmjs.org/fdir 38ms (cache miss)
187 silly packumentCache full:https://registry.npmjs.org/fdir set size:undefined disposed:false
188 silly fetch manifest rollup@^4.43.0
189 silly packumentCache full:https://registry.npmjs.org/rollup cache-miss
190 http fetch GET 200 https://registry.npmjs.org/rollup 85ms (cache miss)
191 silly packumentCache full:https://registry.npmjs.org/rollup set size:undefined disposed:false
192 silly fetch manifest esbuild@^0.27.0
193 silly packumentCache full:https://registry.npmjs.org/esbuild cache-miss
194 http fetch GET 200 https://registry.npmjs.org/esbuild 110ms (cache miss)
195 silly packumentCache full:https://registry.npmjs.org/esbuild set size:undefined disposed:false
196 silly fetch manifest postcss@^8.5.6
197 silly packumentCache full:https://registry.npmjs.org/postcss cache-miss
198 http cache https://registry.npmjs.org/postcss 4ms (cache hit)
199 silly packumentCache full:https://registry.npmjs.org/postcss set size:696248 disposed:false
200 silly fetch manifest picomatch@^4.0.3
201 silly packumentCache full:https://registry.npmjs.org/picomatch cache-miss
202 http fetch GET 200 https://registry.npmjs.org/picomatch 32ms (cache miss)
203 silly packumentCache full:https://registry.npmjs.org/picomatch set size:undefined disposed:false
204 silly fetch manifest tinyglobby@^0.2.15
205 silly packumentCache full:https://registry.npmjs.org/tinyglobby cache-miss
206 http fetch GET 200 https://registry.npmjs.org/tinyglobby 40ms (cache miss)
207 silly packumentCache full:https://registry.npmjs.org/tinyglobby set size:undefined disposed:false
208 silly fetch manifest fsevents@~2.3.3
209 silly packumentCache full:https://registry.npmjs.org/fsevents cache-miss
210 http fetch GET 200 https://registry.npmjs.org/fsevents 33ms (cache miss)
211 silly packumentCache full:https://registry.npmjs.org/fsevents set size:undefined disposed:false
212 silly fetch manifest follow-redirects@^1.15.6
213 silly packumentCache full:https://registry.npmjs.org/follow-redirects cache-miss
214 http fetch GET 200 https://registry.npmjs.org/follow-redirects 37ms (cache miss)
215 silly packumentCache full:https://registry.npmjs.org/follow-redirects set size:undefined disposed:false
216 silly fetch manifest form-data@^4.0.4
217 silly packumentCache full:https://registry.npmjs.org/form-data cache-miss
218 http fetch GET 200 https://registry.npmjs.org/form-data 35ms (cache miss)
219 silly packumentCache full:https://registry.npmjs.org/form-data set size:undefined disposed:false
220 silly fetch manifest proxy-from-env@^1.1.0
221 silly packumentCache full:https://registry.npmjs.org/proxy-from-env cache-miss
222 http fetch GET 200 https://registry.npmjs.org/proxy-from-env 32ms (cache miss)
223 silly packumentCache full:https://registry.npmjs.org/proxy-from-env set size:undefined disposed:false
224 silly fetch manifest ajv@^6.12.4
225 silly packumentCache full:https://registry.npmjs.org/ajv cache-miss
226 http fetch GET 200 https://registry.npmjs.org/ajv 46ms (cache miss)
227 silly packumentCache full:https://registry.npmjs.org/ajv set size:undefined disposed:false
228 silly fetch manifest chalk@^4.0.0
229 silly packumentCache full:https://registry.npmjs.org/chalk cache-miss
230 http fetch GET 200 https://registry.npmjs.org/chalk 43ms (cache miss)
231 silly packumentCache full:https://registry.npmjs.org/chalk set size:undefined disposed:false
232 silly fetch manifest debug@^4.3.2
233 silly packumentCache full:https://registry.npmjs.org/debug cache-miss
234 http fetch GET 200 https://registry.npmjs.org/debug 33ms (cache miss)
235 silly packumentCache full:https://registry.npmjs.org/debug set size:undefined disposed:false
236 silly fetch manifest espree@^10.4.0
237 silly packumentCache full:https://registry.npmjs.org/espree cache-miss
238 http fetch GET 200 https://registry.npmjs.org/espree 34ms (cache miss)
239 silly packumentCache full:https://registry.npmjs.org/espree set size:undefined disposed:false
240 silly fetch manifest ignore@^5.2.0
241 silly packumentCache full:https://registry.npmjs.org/ignore cache-miss
242 http fetch GET 200 https://registry.npmjs.org/ignore 38ms (cache miss)
243 silly packumentCache full:https://registry.npmjs.org/ignore set size:undefined disposed:false
244 silly fetch manifest esquery@^1.5.0
245 silly packumentCache full:https://registry.npmjs.org/esquery cache-miss
246 http fetch GET 200 https://registry.npmjs.org/esquery 37ms (cache miss)
247 silly packumentCache full:https://registry.npmjs.org/esquery set size:undefined disposed:false
248 silly fetch manifest esutils@^2.0.2
249 silly packumentCache full:https://registry.npmjs.org/esutils cache-miss
250 http fetch GET 200 https://registry.npmjs.org/esutils 31ms (cache miss)
251 silly packumentCache full:https://registry.npmjs.org/esutils set size:undefined disposed:false
252 silly fetch manifest find-up@^5.0.0
253 silly packumentCache full:https://registry.npmjs.org/find-up cache-miss
254 http fetch GET 200 https://registry.npmjs.org/find-up 30ms (cache miss)
255 silly packumentCache full:https://registry.npmjs.org/find-up set size:undefined disposed:false
256 silly fetch manifest is-glob@^4.0.0
257 silly packumentCache full:https://registry.npmjs.org/is-glob cache-miss
258 http fetch GET 200 https://registry.npmjs.org/is-glob 31ms (cache miss)
259 silly packumentCache full:https://registry.npmjs.org/is-glob set size:undefined disposed:false
260 silly fetch manifest minimatch@^3.1.2
261 silly packumentCache full:https://registry.npmjs.org/minimatch cache-miss
262 http fetch GET 200 https://registry.npmjs.org/minimatch 37ms (cache miss)
263 silly packumentCache full:https://registry.npmjs.org/minimatch set size:undefined disposed:false
264 silly fetch manifest optionator@^0.9.3
265 silly packumentCache full:https://registry.npmjs.org/optionator cache-miss
266 http fetch GET 200 https://registry.npmjs.org/optionator 32ms (cache miss)
267 silly packumentCache full:https://registry.npmjs.org/optionator set size:undefined disposed:false
268 silly fetch manifest cross-spawn@^7.0.6
269 silly packumentCache full:https://registry.npmjs.org/cross-spawn cache-miss
270 http fetch GET 200 https://registry.npmjs.org/cross-spawn 36ms (cache miss)
271 silly packumentCache full:https://registry.npmjs.org/cross-spawn set size:undefined disposed:false
272 silly fetch manifest glob-parent@^6.0.2
273 silly packumentCache full:https://registry.npmjs.org/glob-parent cache-miss
274 http fetch GET 200 https://registry.npmjs.org/glob-parent 30ms (cache miss)
275 silly packumentCache full:https://registry.npmjs.org/glob-parent set size:undefined disposed:false
276 silly fetch manifest imurmurhash@^0.1.4
277 silly packumentCache full:https://registry.npmjs.org/imurmurhash cache-miss
278 http fetch GET 200 https://registry.npmjs.org/imurmurhash 46ms (cache miss)
279 silly packumentCache full:https://registry.npmjs.org/imurmurhash set size:undefined disposed:false
280 silly fetch manifest @eslint/core@^0.17.0
281 silly packumentCache full:https://registry.npmjs.org/@eslint%2fcore cache-miss
282 http fetch GET 200 https://registry.npmjs.org/@eslint%2fcore 66ms (cache miss)
283 silly packumentCache full:https://registry.npmjs.org/@eslint%2fcore set size:undefined disposed:false
284 silly fetch manifest eslint-scope@^8.4.0
285 silly packumentCache full:https://registry.npmjs.org/eslint-scope cache-miss
286 http fetch GET 200 https://registry.npmjs.org/eslint-scope 235ms (cache miss)
287 silly packumentCache full:https://registry.npmjs.org/eslint-scope set size:undefined disposed:false
288 silly fetch manifest lodash.merge@^4.6.2
289 silly packumentCache full:https://registry.npmjs.org/lodash.merge cache-miss
290 http fetch GET 200 https://registry.npmjs.org/lodash.merge 38ms (cache miss)
291 silly packumentCache full:https://registry.npmjs.org/lodash.merge set size:undefined disposed:false
292 silly fetch manifest @humanfs/node@^0.16.6
293 silly packumentCache full:https://registry.npmjs.org/@humanfs%2fnode cache-miss
294 http fetch GET 200 https://registry.npmjs.org/@humanfs%2fnode 68ms (cache miss)
295 silly packumentCache full:https://registry.npmjs.org/@humanfs%2fnode set size:undefined disposed:false
296 silly fetch manifest @types/estree@^1.0.6
297 silly packumentCache full:https://registry.npmjs.org/@types%2festree cache-miss
298 http fetch GET 200 https://registry.npmjs.org/@types%2festree 67ms (cache miss)
299 silly packumentCache full:https://registry.npmjs.org/@types%2festree set size:undefined disposed:false
300 silly fetch manifest fast-deep-equal@^3.1.3
301 silly packumentCache full:https://registry.npmjs.org/fast-deep-equal cache-miss
302 http fetch GET 200 https://registry.npmjs.org/fast-deep-equal 46ms (cache miss)
303 silly packumentCache full:https://registry.npmjs.org/fast-deep-equal set size:undefined disposed:false
304 silly fetch manifest natural-compare@^1.4.0
305 silly packumentCache full:https://registry.npmjs.org/natural-compare cache-miss
306 http fetch GET 200 https://registry.npmjs.org/natural-compare 40ms (cache miss)
307 silly packumentCache full:https://registry.npmjs.org/natural-compare set size:undefined disposed:false
308 silly fetch manifest @eslint/eslintrc@^3.3.1
309 silly packumentCache full:https://registry.npmjs.org/@eslint%2feslintrc cache-miss
310 http fetch GET 200 https://registry.npmjs.org/@eslint%2feslintrc 66ms (cache miss)
311 silly packumentCache full:https://registry.npmjs.org/@eslint%2feslintrc set size:undefined disposed:false
312 silly fetch manifest file-entry-cache@^8.0.0
313 silly packumentCache full:https://registry.npmjs.org/file-entry-cache cache-miss
314 http fetch GET 200 https://registry.npmjs.org/file-entry-cache 54ms (cache miss)
315 silly packumentCache full:https://registry.npmjs.org/file-entry-cache set size:undefined disposed:false
316 silly fetch manifest @eslint/plugin-kit@^0.4.1
317 silly packumentCache full:https://registry.npmjs.org/@eslint%2fplugin-kit cache-miss
318 http fetch GET 200 https://registry.npmjs.org/@eslint%2fplugin-kit 166ms (cache miss)
319 silly packumentCache full:https://registry.npmjs.org/@eslint%2fplugin-kit set size:undefined disposed:false
320 silly fetch manifest eslint-visitor-keys@^4.2.1
321 silly packumentCache full:https://registry.npmjs.org/eslint-visitor-keys cache-miss
322 http fetch GET 200 https://registry.npmjs.org/eslint-visitor-keys 80ms (cache miss)
323 silly packumentCache full:https://registry.npmjs.org/eslint-visitor-keys set size:undefined disposed:false
324 silly fetch manifest @eslint/config-array@^0.21.1
325 silly packumentCache full:https://registry.npmjs.org/@eslint%2fconfig-array cache-miss
326 http fetch GET 200 https://registry.npmjs.org/@eslint%2fconfig-array 344ms (cache miss)
327 silly packumentCache full:https://registry.npmjs.org/@eslint%2fconfig-array set size:undefined disposed:false
328 silly fetch manifest @humanwhocodes/retry@^0.4.2
329 silly packumentCache full:https://registry.npmjs.org/@humanwhocodes%2fretry cache-miss
330 http fetch GET 200 https://registry.npmjs.org/@humanwhocodes%2fretry 59ms (cache miss)
331 silly packumentCache full:https://registry.npmjs.org/@humanwhocodes%2fretry set size:undefined disposed:false
332 silly fetch manifest escape-string-regexp@^4.0.0
333 silly packumentCache full:https://registry.npmjs.org/escape-string-regexp cache-miss
334 http fetch GET 200 https://registry.npmjs.org/escape-string-regexp 39ms (cache miss)
335 silly packumentCache full:https://registry.npmjs.org/escape-string-regexp set size:undefined disposed:false
336 silly fetch manifest @eslint/config-helpers@^0.4.2
337 silly packumentCache full:https://registry.npmjs.org/@eslint%2fconfig-helpers cache-miss
338 http fetch GET 200 https://registry.npmjs.org/@eslint%2fconfig-helpers 65ms (cache miss)
339 silly packumentCache full:https://registry.npmjs.org/@eslint%2fconfig-helpers set size:undefined disposed:false
340 silly fetch manifest @eslint-community/regexpp@^4.12.1
341 silly packumentCache full:https://registry.npmjs.org/@eslint-community%2fregexpp cache-miss
342 http fetch GET 200 https://registry.npmjs.org/@eslint-community%2fregexpp 63ms (cache miss)
343 silly packumentCache full:https://registry.npmjs.org/@eslint-community%2fregexpp set size:undefined disposed:false
344 silly fetch manifest @eslint-community/eslint-utils@^4.8.0
345 silly packumentCache full:https://registry.npmjs.org/@eslint-community%2feslint-utils cache-miss
346 http fetch GET 200 https://registry.npmjs.org/@eslint-community%2feslint-utils 69ms (cache miss)
347 silly packumentCache full:https://registry.npmjs.org/@eslint-community%2feslint-utils set size:undefined disposed:false
348 silly fetch manifest @humanwhocodes/module-importer@^1.0.1
349 silly packumentCache full:https://registry.npmjs.org/@humanwhocodes%2fmodule-importer cache-miss
350 http fetch GET 200 https://registry.npmjs.org/@humanwhocodes%2fmodule-importer 90ms (cache miss)
351 silly packumentCache full:https://registry.npmjs.org/@humanwhocodes%2fmodule-importer set size:undefined disposed:false
352 silly fetch manifest json-stable-stringify-without-jsonify@^1.0.1
353 silly packumentCache full:https://registry.npmjs.org/json-stable-stringify-without-jsonify cache-miss
354 http fetch GET 200 https://registry.npmjs.org/json-stable-stringify-without-jsonify 74ms (cache miss)
355 silly packumentCache full:https://registry.npmjs.org/json-stable-stringify-without-jsonify set size:undefined disposed:false
356 silly fetch manifest zod@^3.25.0 || ^4.0.0
357 silly packumentCache full:https://registry.npmjs.org/zod cache-miss
358 http fetch GET 200 https://registry.npmjs.org/zod 305ms (cache miss)
359 silly packumentCache full:https://registry.npmjs.org/zod set size:undefined disposed:false
360 silly fetch manifest @babel/core@^7.24.4
361 silly packumentCache full:https://registry.npmjs.org/@babel%2fcore cache-miss
362 http cache https://registry.npmjs.org/@babel%2fcore 6ms (cache hit)
363 silly packumentCache full:https://registry.npmjs.org/@babel%2fcore set size:745002 disposed:false
364 silly fetch manifest @babel/parser@^7.24.4
365 silly packumentCache full:https://registry.npmjs.org/@babel%2fparser cache-miss
366 http fetch GET 200 https://registry.npmjs.org/@babel%2fparser 147ms (cache miss)
367 silly packumentCache full:https://registry.npmjs.org/@babel%2fparser set size:undefined disposed:false
368 silly fetch manifest hermes-parser@^0.25.1
369 silly packumentCache full:https://registry.npmjs.org/hermes-parser cache-miss
370 http fetch GET 200 https://registry.npmjs.org/hermes-parser 241ms (cache miss)
371 silly packumentCache full:https://registry.npmjs.org/hermes-parser set size:undefined disposed:false
372 silly fetch manifest zod-validation-error@^3.5.0 || ^4.0.0
373 silly packumentCache full:https://registry.npmjs.org/zod-validation-error cache-miss
374 http fetch GET 200 https://registry.npmjs.org/zod-validation-error 46ms (cache miss)
375 silly packumentCache full:https://registry.npmjs.org/zod-validation-error set size:undefined disposed:false
376 silly fetch manifest scheduler@^0.27.0
377 silly packumentCache full:https://registry.npmjs.org/scheduler cache-miss
378 http fetch GET 200 https://registry.npmjs.org/scheduler 256ms (cache miss)
379 silly packumentCache full:https://registry.npmjs.org/scheduler set size:undefined disposed:false
380 silly fetch manifest react-router@7.12.0
381 silly packumentCache full:https://registry.npmjs.org/react-router cache-miss
382 http fetch GET 200 https://registry.npmjs.org/react-router 129ms (cache miss)
383 silly packumentCache full:https://registry.npmjs.org/react-router set size:undefined disposed:false
384 silly fetch manifest @reduxjs/toolkit@1.x.x || 2.x.x
385 silly packumentCache full:https://registry.npmjs.org/@reduxjs%2ftoolkit cache-miss
386 http fetch GET 200 https://registry.npmjs.org/@reduxjs%2ftoolkit 94ms (cache miss)
387 silly packumentCache full:https://registry.npmjs.org/@reduxjs%2ftoolkit set size:undefined disposed:false
388 silly fetch manifest clsx@^2.1.1
389 silly packumentCache full:https://registry.npmjs.org/clsx cache-miss
390 http fetch GET 200 https://registry.npmjs.org/clsx 53ms (cache miss)
391 silly packumentCache full:https://registry.npmjs.org/clsx set size:undefined disposed:false
392 silly fetch manifest decimal.js-light@^2.5.1
393 silly packumentCache full:https://registry.npmjs.org/decimal.js-light cache-miss
394 http fetch GET 200 https://registry.npmjs.org/decimal.js-light 68ms (cache miss)
395 silly packumentCache full:https://registry.npmjs.org/decimal.js-light set size:undefined disposed:false
396 silly fetch manifest es-toolkit@^1.39.3
397 silly packumentCache full:https://registry.npmjs.org/es-toolkit cache-miss
398 http fetch GET 200 https://registry.npmjs.org/es-toolkit 148ms (cache miss)
399 silly packumentCache full:https://registry.npmjs.org/es-toolkit set size:undefined disposed:false
400 silly fetch manifest eventemitter3@^5.0.1
401 silly packumentCache full:https://registry.npmjs.org/eventemitter3 cache-miss
402 http fetch GET 200 https://registry.npmjs.org/eventemitter3 32ms (cache miss)
403 silly packumentCache full:https://registry.npmjs.org/eventemitter3 set size:undefined disposed:false
404 silly fetch manifest immer@^10.1.1
405 silly packumentCache full:https://registry.npmjs.org/immer cache-miss
406 http fetch GET 200 https://registry.npmjs.org/immer 39ms (cache miss)
407 silly packumentCache full:https://registry.npmjs.org/immer set size:undefined disposed:false
408 silly fetch manifest react-redux@8.x.x || 9.x.x
409 silly packumentCache full:https://registry.npmjs.org/react-redux cache-miss
410 http fetch GET 200 https://registry.npmjs.org/react-redux 31ms (cache miss)
411 silly packumentCache full:https://registry.npmjs.org/react-redux set size:undefined disposed:false
412 silly fetch manifest reselect@5.1.1
413 silly packumentCache full:https://registry.npmjs.org/reselect cache-miss
414 http fetch GET 200 https://registry.npmjs.org/reselect 63ms (cache miss)
415 silly packumentCache full:https://registry.npmjs.org/reselect set size:undefined disposed:false
416 silly fetch manifest tiny-invariant@^1.3.3
417 silly packumentCache full:https://registry.npmjs.org/tiny-invariant cache-miss
418 http fetch GET 200 https://registry.npmjs.org/tiny-invariant 31ms (cache miss)
419 silly packumentCache full:https://registry.npmjs.org/tiny-invariant set size:undefined disposed:false
420 silly fetch manifest use-sync-external-store@^1.2.2
421 silly packumentCache full:https://registry.npmjs.org/use-sync-external-store cache-miss
422 http fetch GET 200 https://registry.npmjs.org/use-sync-external-store 102ms (cache miss)
423 silly packumentCache full:https://registry.npmjs.org/use-sync-external-store set size:undefined disposed:false
424 silly fetch manifest victory-vendor@^37.0.2
425 silly packumentCache full:https://registry.npmjs.org/victory-vendor cache-miss
426 http fetch GET 200 https://registry.npmjs.org/victory-vendor 56ms (cache miss)
427 silly packumentCache full:https://registry.npmjs.org/victory-vendor set size:undefined disposed:false
428 silly fetch manifest @typescript-eslint/utils@8.53.1
429 silly packumentCache full:https://registry.npmjs.org/@typescript-eslint%2futils cache-miss
430 http fetch GET 200 https://registry.npmjs.org/@typescript-eslint%2futils 408ms (cache miss)
431 silly packumentCache full:https://registry.npmjs.org/@typescript-eslint%2futils set size:undefined disposed:false
432 silly fetch manifest @typescript-eslint/parser@8.53.1
433 silly packumentCache full:https://registry.npmjs.org/@typescript-eslint%2fparser cache-miss
434 http fetch GET 200 https://registry.npmjs.org/@typescript-eslint%2fparser 380ms (cache miss)
435 silly packumentCache full:https://registry.npmjs.org/@typescript-eslint%2fparser set size:undefined disposed:false
436 silly fetch manifest @typescript-eslint/eslint-plugin@8.53.1
437 silly packumentCache full:https://registry.npmjs.org/@typescript-eslint%2feslint-plugin cache-miss
438 http fetch GET 200 https://registry.npmjs.org/@typescript-eslint%2feslint-plugin 503ms (cache miss)
439 silly packumentCache full:https://registry.npmjs.org/@typescript-eslint%2feslint-plugin set size:undefined disposed:false
440 silly fetch manifest @typescript-eslint/typescript-estree@8.53.1
441 silly packumentCache full:https://registry.npmjs.org/@typescript-eslint%2ftypescript-estree cache-miss
442 http fetch GET 200 https://registry.npmjs.org/@typescript-eslint%2ftypescript-estree 327ms (cache miss)
443 silly packumentCache full:https://registry.npmjs.org/@typescript-eslint%2ftypescript-estree set size:undefined disposed:false
444 silly placeDep ROOT undici-types@7.16.0 OK for: @types/node@24.10.9 want: ~7.16.0
445 silly placeDep ROOT csstype@3.2.3 OK for: @types/react@19.2.9 want: ^3.2.2
446 silly placeDep ROOT @babel/core@7.28.6 OK for: @vitejs/plugin-react@5.1.2 want: ^7.28.5
447 silly placeDep ROOT @babel/plugin-transform-react-jsx-self@7.27.1 OK for: @vitejs/plugin-react@5.1.2 want: ^7.27.1
448 silly placeDep ROOT @babel/plugin-transform-react-jsx-source@7.27.1 OK for: @vitejs/plugin-react@5.1.2 want: ^7.27.1
449 silly placeDep ROOT @rolldown/pluginutils@1.0.0-beta.53 OK for: @vitejs/plugin-react@5.1.2 want: 1.0.0-beta.53
450 silly placeDep ROOT @types/babel__core@7.20.5 OK for: @vitejs/plugin-react@5.1.2 want: ^7.20.5
451 silly placeDep ROOT react-refresh@0.18.0 OK for: @vitejs/plugin-react@5.1.2 want: ^0.18.0
452 silly fetch manifest @babel/code-frame@^7.28.6
453 silly packumentCache full:https://registry.npmjs.org/@babel%2fcode-frame cache-miss
454 http fetch GET 200 https://registry.npmjs.org/@babel%2fcode-frame 42ms (cache miss)
455 silly packumentCache full:https://registry.npmjs.org/@babel%2fcode-frame set size:undefined disposed:false
456 silly fetch manifest @babel/generator@^7.28.6
457 silly packumentCache full:https://registry.npmjs.org/@babel%2fgenerator cache-miss
458 http fetch GET 200 https://registry.npmjs.org/@babel%2fgenerator 54ms (cache miss)
459 silly packumentCache full:https://registry.npmjs.org/@babel%2fgenerator set size:undefined disposed:false
460 silly fetch manifest @babel/helper-compilation-targets@^7.28.6
461 silly packumentCache full:https://registry.npmjs.org/@babel%2fhelper-compilation-targets cache-miss
462 http fetch GET 200 https://registry.npmjs.org/@babel%2fhelper-compilation-targets 64ms (cache miss)
463 silly packumentCache full:https://registry.npmjs.org/@babel%2fhelper-compilation-targets set size:undefined disposed:false
464 silly fetch manifest @babel/helper-module-transforms@^7.28.6
465 silly packumentCache full:https://registry.npmjs.org/@babel%2fhelper-module-transforms cache-miss
466 http fetch GET 200 https://registry.npmjs.org/@babel%2fhelper-module-transforms 62ms (cache miss)
467 silly packumentCache full:https://registry.npmjs.org/@babel%2fhelper-module-transforms set size:undefined disposed:false
468 silly fetch manifest @babel/helpers@^7.28.6
469 silly packumentCache full:https://registry.npmjs.org/@babel%2fhelpers cache-miss
470 http fetch GET 200 https://registry.npmjs.org/@babel%2fhelpers 62ms (cache miss)
471 silly packumentCache full:https://registry.npmjs.org/@babel%2fhelpers set size:undefined disposed:false
472 silly fetch manifest @babel/parser@^7.28.6
473 silly packumentCache full:https://registry.npmjs.org/@babel%2fparser cache-miss
474 http cache https://registry.npmjs.org/@babel%2fparser 8ms (cache hit)
475 silly packumentCache full:https://registry.npmjs.org/@babel%2fparser set size:707345 disposed:false
476 silly fetch manifest @babel/template@^7.28.6
477 silly packumentCache full:https://registry.npmjs.org/@babel%2ftemplate cache-miss
478 http fetch GET 200 https://registry.npmjs.org/@babel%2ftemplate 45ms (cache miss)
479 silly packumentCache full:https://registry.npmjs.org/@babel%2ftemplate set size:undefined disposed:false
480 silly fetch manifest @babel/traverse@^7.28.6
481 silly packumentCache full:https://registry.npmjs.org/@babel%2ftraverse cache-miss
482 http fetch GET 200 https://registry.npmjs.org/@babel%2ftraverse 50ms (cache miss)
483 silly packumentCache full:https://registry.npmjs.org/@babel%2ftraverse set size:undefined disposed:false
484 silly fetch manifest @babel/types@^7.28.6
485 silly packumentCache full:https://registry.npmjs.org/@babel%2ftypes cache-miss
486 http fetch GET 200 https://registry.npmjs.org/@babel%2ftypes 62ms (cache miss)
487 silly packumentCache full:https://registry.npmjs.org/@babel%2ftypes set size:undefined disposed:false
488 silly fetch manifest @jridgewell/remapping@^2.3.5
489 silly packumentCache full:https://registry.npmjs.org/@jridgewell%2fremapping cache-miss
490 http fetch GET 200 https://registry.npmjs.org/@jridgewell%2fremapping 72ms (cache miss)
491 silly packumentCache full:https://registry.npmjs.org/@jridgewell%2fremapping set size:undefined disposed:false
492 silly fetch manifest convert-source-map@^2.0.0
493 silly packumentCache full:https://registry.npmjs.org/convert-source-map cache-miss
494 http fetch GET 200 https://registry.npmjs.org/convert-source-map 29ms (cache miss)
495 silly packumentCache full:https://registry.npmjs.org/convert-source-map set size:undefined disposed:false
496 silly fetch manifest debug@^4.1.0
497 silly packumentCache full:https://registry.npmjs.org/debug cache-miss
498 http cache https://registry.npmjs.org/debug 2ms (cache hit)
499 silly packumentCache full:https://registry.npmjs.org/debug set size:195840 disposed:false
500 silly fetch manifest gensync@^1.0.0-beta.2
501 silly packumentCache full:https://registry.npmjs.org/gensync cache-miss
502 http fetch GET 200 https://registry.npmjs.org/gensync 30ms (cache miss)
503 silly packumentCache full:https://registry.npmjs.org/gensync set size:undefined disposed:false
504 silly fetch manifest json5@^2.2.3
505 silly packumentCache full:https://registry.npmjs.org/json5 cache-miss
506 http fetch GET 200 https://registry.npmjs.org/json5 180ms (cache miss)
507 silly packumentCache full:https://registry.npmjs.org/json5 set size:undefined disposed:false
508 silly fetch manifest semver@^6.3.1
509 silly packumentCache full:https://registry.npmjs.org/semver cache-miss
510 http fetch GET 200 https://registry.npmjs.org/semver 28ms (cache miss)
511 silly packumentCache full:https://registry.npmjs.org/semver set size:undefined disposed:false
512 silly fetch manifest @babel/helper-plugin-utils@^7.27.1
513 silly packumentCache full:https://registry.npmjs.org/@babel%2fhelper-plugin-utils cache-miss
514 http fetch GET 200 https://registry.npmjs.org/@babel%2fhelper-plugin-utils 48ms (cache miss)
515 silly packumentCache full:https://registry.npmjs.org/@babel%2fhelper-plugin-utils set size:undefined disposed:false
516 silly fetch manifest @babel/types@^7.20.7
517 silly packumentCache full:https://registry.npmjs.org/@babel%2ftypes cache-miss
518 http cache https://registry.npmjs.org/@babel%2ftypes 3ms (cache hit)
519 silly packumentCache full:https://registry.npmjs.org/@babel%2ftypes set size:479758 disposed:false
520 silly fetch manifest @babel/parser@^7.20.7
521 silly packumentCache full:https://registry.npmjs.org/@babel%2fparser cache-hit
522 silly fetch manifest @types/babel__template@*
523 silly packumentCache full:https://registry.npmjs.org/@types%2fbabel__template cache-miss
524 http fetch GET 200 https://registry.npmjs.org/@types%2fbabel__template 56ms (cache miss)
525 silly packumentCache full:https://registry.npmjs.org/@types%2fbabel__template set size:undefined disposed:false
526 silly fetch manifest @types/babel__traverse@*
527 silly packumentCache full:https://registry.npmjs.org/@types%2fbabel__traverse cache-miss
528 http fetch GET 200 https://registry.npmjs.org/@types%2fbabel__traverse 42ms (cache miss)
529 silly packumentCache full:https://registry.npmjs.org/@types%2fbabel__traverse set size:undefined disposed:false
530 silly fetch manifest @types/babel__generator@*
531 silly packumentCache full:https://registry.npmjs.org/@types%2fbabel__generator cache-miss
532 http fetch GET 200 https://registry.npmjs.org/@types%2fbabel__generator 53ms (cache miss)
533 silly packumentCache full:https://registry.npmjs.org/@types%2fbabel__generator set size:undefined disposed:false
534 silly fetch manifest @babel/core@^7.0.0
535 silly packumentCache full:https://registry.npmjs.org/@babel%2fcore cache-hit
536 silly placeDep ROOT @babel/code-frame@7.28.6 OK for: @babel/core@7.28.6 want: ^7.28.6
537 silly placeDep ROOT @babel/generator@7.28.6 OK for: @babel/core@7.28.6 want: ^7.28.6
538 silly placeDep ROOT @babel/helper-compilation-targets@7.28.6 OK for: @babel/core@7.28.6 want: ^7.28.6
539 silly placeDep ROOT @babel/helper-module-transforms@7.28.6 OK for: @babel/core@7.28.6 want: ^7.28.6
540 silly placeDep ROOT @babel/helpers@7.28.6 OK for: @babel/core@7.28.6 want: ^7.28.6
541 silly placeDep ROOT @babel/parser@7.28.6 OK for: @babel/core@7.28.6 want: ^7.28.6
542 silly placeDep ROOT @babel/template@7.28.6 OK for: @babel/core@7.28.6 want: ^7.28.6
543 silly placeDep ROOT @babel/traverse@7.28.6 OK for: @babel/core@7.28.6 want: ^7.28.6
544 silly placeDep ROOT @babel/types@7.28.6 OK for: @babel/core@7.28.6 want: ^7.28.6
545 silly placeDep ROOT @jridgewell/remapping@2.3.5 OK for: @babel/core@7.28.6 want: ^2.3.5
546 silly placeDep ROOT convert-source-map@2.0.0 OK for: @babel/core@7.28.6 want: ^2.0.0
547 silly placeDep ROOT debug@4.4.3 OK for: @babel/core@7.28.6 want: ^4.1.0
548 silly placeDep ROOT gensync@1.0.0-beta.2 OK for: @babel/core@7.28.6 want: ^1.0.0-beta.2
549 silly placeDep ROOT json5@2.2.3 OK for: @babel/core@7.28.6 want: ^2.2.3
550 silly placeDep ROOT semver@6.3.1 OK for: @babel/core@7.28.6 want: ^6.3.1
551 silly fetch manifest @babel/helper-validator-identifier@^7.28.5
552 silly packumentCache full:https://registry.npmjs.org/@babel%2fhelper-validator-identifier cache-miss
553 http fetch GET 200 https://registry.npmjs.org/@babel%2fhelper-validator-identifier 55ms (cache miss)
554 silly packumentCache full:https://registry.npmjs.org/@babel%2fhelper-validator-identifier set size:undefined disposed:false
555 silly fetch manifest js-tokens@^4.0.0
556 silly packumentCache full:https://registry.npmjs.org/js-tokens cache-miss
557 http fetch GET 200 https://registry.npmjs.org/js-tokens 35ms (cache miss)
558 silly packumentCache full:https://registry.npmjs.org/js-tokens set size:undefined disposed:false
559 silly fetch manifest picocolors@^1.1.1
560 silly packumentCache full:https://registry.npmjs.org/picocolors cache-miss
561 http fetch GET 200 https://registry.npmjs.org/picocolors 39ms (cache miss)
562 silly packumentCache full:https://registry.npmjs.org/picocolors set size:undefined disposed:false
563 silly fetch manifest @jridgewell/gen-mapping@^0.3.12
564 silly packumentCache full:https://registry.npmjs.org/@jridgewell%2fgen-mapping cache-miss
565 http fetch GET 200 https://registry.npmjs.org/@jridgewell%2fgen-mapping 62ms (cache miss)
566 silly packumentCache full:https://registry.npmjs.org/@jridgewell%2fgen-mapping set size:undefined disposed:false
567 silly fetch manifest @jridgewell/trace-mapping@^0.3.28
568 silly packumentCache full:https://registry.npmjs.org/@jridgewell%2ftrace-mapping cache-miss
569 http fetch GET 200 https://registry.npmjs.org/@jridgewell%2ftrace-mapping 46ms (cache miss)
570 silly packumentCache full:https://registry.npmjs.org/@jridgewell%2ftrace-mapping set size:undefined disposed:false
571 silly fetch manifest jsesc@^3.0.2
572 silly packumentCache full:https://registry.npmjs.org/jsesc cache-miss
573 http fetch GET 200 https://registry.npmjs.org/jsesc 28ms (cache miss)
574 silly packumentCache full:https://registry.npmjs.org/jsesc set size:undefined disposed:false
575 silly fetch manifest @babel/compat-data@^7.28.6
576 silly packumentCache full:https://registry.npmjs.org/@babel%2fcompat-data cache-miss
577 http fetch GET 200 https://registry.npmjs.org/@babel%2fcompat-data 40ms (cache miss)
578 silly packumentCache full:https://registry.npmjs.org/@babel%2fcompat-data set size:undefined disposed:false
579 silly fetch manifest @babel/helper-validator-option@^7.27.1
580 silly packumentCache full:https://registry.npmjs.org/@babel%2fhelper-validator-option cache-miss
581 http fetch GET 200 https://registry.npmjs.org/@babel%2fhelper-validator-option 77ms (cache miss)
582 silly packumentCache full:https://registry.npmjs.org/@babel%2fhelper-validator-option set size:undefined disposed:false
583 silly fetch manifest browserslist@^4.24.0
584 silly packumentCache full:https://registry.npmjs.org/browserslist cache-miss
585 http fetch GET 200 https://registry.npmjs.org/browserslist 35ms (cache miss)
586 silly packumentCache full:https://registry.npmjs.org/browserslist set size:undefined disposed:false
587 silly fetch manifest lru-cache@^5.1.1
588 silly packumentCache full:https://registry.npmjs.org/lru-cache cache-miss
589 http fetch GET 200 https://registry.npmjs.org/lru-cache 43ms (cache miss)
590 silly packumentCache full:https://registry.npmjs.org/lru-cache set size:undefined disposed:false
591 silly fetch manifest @babel/helper-module-imports@^7.28.6
592 silly packumentCache full:https://registry.npmjs.org/@babel%2fhelper-module-imports cache-miss
593 http fetch GET 200 https://registry.npmjs.org/@babel%2fhelper-module-imports 46ms (cache miss)
594 silly packumentCache full:https://registry.npmjs.org/@babel%2fhelper-module-imports set size:undefined disposed:false
595 silly fetch manifest @babel/helper-globals@^7.28.0
596 silly packumentCache full:https://registry.npmjs.org/@babel%2fhelper-globals cache-miss
597 http fetch GET 200 https://registry.npmjs.org/@babel%2fhelper-globals 51ms (cache miss)
598 silly packumentCache full:https://registry.npmjs.org/@babel%2fhelper-globals set size:undefined disposed:false
599 silly fetch manifest debug@^4.3.1
600 silly packumentCache full:https://registry.npmjs.org/debug cache-hit
601 silly fetch manifest @babel/helper-string-parser@^7.27.1
602 silly packumentCache full:https://registry.npmjs.org/@babel%2fhelper-string-parser cache-miss
603 http fetch GET 200 https://registry.npmjs.org/@babel%2fhelper-string-parser 77ms (cache miss)
604 silly packumentCache full:https://registry.npmjs.org/@babel%2fhelper-string-parser set size:undefined disposed:false
605 silly fetch manifest @jridgewell/gen-mapping@^0.3.5
606 silly packumentCache full:https://registry.npmjs.org/@jridgewell%2fgen-mapping cache-miss
607 http cache https://registry.npmjs.org/@jridgewell%2fgen-mapping 3ms (cache hit)
608 silly packumentCache full:https://registry.npmjs.org/@jridgewell%2fgen-mapping set size:80719 disposed:false
609 silly fetch manifest @jridgewell/trace-mapping@^0.3.24
610 silly packumentCache full:https://registry.npmjs.org/@jridgewell%2ftrace-mapping cache-miss
611 http cache https://registry.npmjs.org/@jridgewell%2ftrace-mapping 3ms (cache hit)
612 silly packumentCache full:https://registry.npmjs.org/@jridgewell%2ftrace-mapping set size:170909 disposed:false
613 silly fetch manifest ms@^2.1.3
614 silly packumentCache full:https://registry.npmjs.org/ms cache-miss
615 http fetch GET 200 https://registry.npmjs.org/ms 42ms (cache miss)
616 silly packumentCache full:https://registry.npmjs.org/ms set size:undefined disposed:false
617 silly placeDep ROOT @babel/helper-validator-identifier@7.28.5 OK for: @babel/code-frame@7.28.6 want: ^7.28.5
618 silly placeDep ROOT js-tokens@4.0.0 OK for: @babel/code-frame@7.28.6 want: ^4.0.0
619 silly placeDep ROOT picocolors@1.1.1 OK for: @babel/code-frame@7.28.6 want: ^1.1.1
620 silly placeDep ROOT @jridgewell/gen-mapping@0.3.13 OK for: @babel/generator@7.28.6 want: ^0.3.12
621 silly placeDep ROOT @jridgewell/trace-mapping@0.3.31 OK for: @babel/generator@7.28.6 want: ^0.3.28
622 silly placeDep ROOT jsesc@3.1.0 OK for: @babel/generator@7.28.6 want: ^3.0.2
623 silly fetch manifest @jridgewell/sourcemap-codec@^1.5.0
624 silly packumentCache full:https://registry.npmjs.org/@jridgewell%2fsourcemap-codec cache-miss
625 http fetch GET 200 https://registry.npmjs.org/@jridgewell%2fsourcemap-codec 74ms (cache miss)
626 silly packumentCache full:https://registry.npmjs.org/@jridgewell%2fsourcemap-codec set size:undefined disposed:false
627 silly fetch manifest @jridgewell/resolve-uri@^3.1.0
628 silly packumentCache full:https://registry.npmjs.org/@jridgewell%2fresolve-uri cache-miss
629 http fetch GET 200 https://registry.npmjs.org/@jridgewell%2fresolve-uri 351ms (cache miss)
630 silly packumentCache full:https://registry.npmjs.org/@jridgewell%2fresolve-uri set size:undefined disposed:false
631 silly fetch manifest @jridgewell/sourcemap-codec@^1.4.14
632 silly packumentCache full:https://registry.npmjs.org/@jridgewell%2fsourcemap-codec cache-miss
633 http cache https://registry.npmjs.org/@jridgewell%2fsourcemap-codec 5ms (cache hit)
634 silly packumentCache full:https://registry.npmjs.org/@jridgewell%2fsourcemap-codec set size:59275 disposed:false
635 silly placeDep ROOT @babel/compat-data@7.28.6 OK for: @babel/helper-compilation-targets@7.28.6 want: ^7.28.6
636 silly placeDep ROOT @babel/helper-validator-option@7.27.1 OK for: @babel/helper-compilation-targets@7.28.6 want: ^7.27.1
637 silly placeDep ROOT browserslist@4.28.1 OK for: @babel/helper-compilation-targets@7.28.6 want: ^4.24.0
638 silly placeDep ROOT lru-cache@5.1.1 OK for: @babel/helper-compilation-targets@7.28.6 want: ^5.1.1
639 silly fetch manifest baseline-browser-mapping@^2.9.0
640 silly packumentCache full:https://registry.npmjs.org/baseline-browser-mapping cache-miss
641 http fetch GET 200 https://registry.npmjs.org/baseline-browser-mapping 35ms (cache miss)
642 silly packumentCache full:https://registry.npmjs.org/baseline-browser-mapping set size:undefined disposed:false
643 silly fetch manifest caniuse-lite@^1.0.30001759
644 silly packumentCache full:https://registry.npmjs.org/caniuse-lite cache-miss
645 http fetch GET 200 https://registry.npmjs.org/caniuse-lite 80ms (cache miss)
646 silly packumentCache full:https://registry.npmjs.org/caniuse-lite set size:undefined disposed:false
647 silly fetch manifest electron-to-chromium@^1.5.263
648 silly packumentCache full:https://registry.npmjs.org/electron-to-chromium cache-miss
649 http fetch GET 200 https://registry.npmjs.org/electron-to-chromium 180ms (cache miss)
650 silly packumentCache full:https://registry.npmjs.org/electron-to-chromium set size:undefined disposed:false
651 silly fetch manifest node-releases@^2.0.27
652 silly packumentCache full:https://registry.npmjs.org/node-releases cache-miss
653 http fetch GET 200 https://registry.npmjs.org/node-releases 53ms (cache miss)
654 silly packumentCache full:https://registry.npmjs.org/node-releases set size:undefined disposed:false
655 silly fetch manifest update-browserslist-db@^1.2.0
656 silly packumentCache full:https://registry.npmjs.org/update-browserslist-db cache-miss
657 http fetch GET 200 https://registry.npmjs.org/update-browserslist-db 36ms (cache miss)
658 silly packumentCache full:https://registry.npmjs.org/update-browserslist-db set size:undefined disposed:false
659 silly fetch manifest yallist@^3.0.2
660 silly packumentCache full:https://registry.npmjs.org/yallist cache-miss
661 http fetch GET 200 https://registry.npmjs.org/yallist 30ms (cache miss)
662 silly packumentCache full:https://registry.npmjs.org/yallist set size:undefined disposed:false
663 silly placeDep ROOT @babel/helper-module-imports@7.28.6 OK for: @babel/helper-module-transforms@7.28.6 want: ^7.28.6
664 silly placeDep ROOT @babel/helper-plugin-utils@7.28.6 OK for: @babel/plugin-transform-react-jsx-self@7.27.1 want: ^7.27.1
665 silly placeDep ROOT @babel/helper-globals@7.28.0 OK for: @babel/traverse@7.28.6 want: ^7.28.0
666 silly placeDep ROOT @babel/helper-string-parser@7.27.1 OK for: @babel/types@7.28.6 want: ^7.27.1
667 silly placeDep ROOT @jridgewell/sourcemap-codec@1.5.5 OK for: @jridgewell/gen-mapping@0.3.13 want: ^1.5.0
668 silly placeDep ROOT @jridgewell/resolve-uri@3.1.2 OK for: @jridgewell/trace-mapping@0.3.31 want: ^3.1.0
669 silly placeDep ROOT @types/babel__generator@7.27.0 OK for: @types/babel__core@7.20.5 want: *
670 silly placeDep ROOT @types/babel__template@7.4.4 OK for: @types/babel__core@7.20.5 want: *
671 silly placeDep ROOT @types/babel__traverse@7.28.0 OK for: @types/babel__core@7.20.5 want: *
672 silly placeDep ROOT follow-redirects@1.15.11 OK for: axios@1.13.2 want: ^1.15.6
673 silly placeDep ROOT form-data@4.0.5 OK for: axios@1.13.2 want: ^4.0.4
674 silly placeDep ROOT proxy-from-env@1.1.0 OK for: axios@1.13.2 want: ^1.1.0
675 silly fetch manifest asynckit@^0.4.0
676 silly packumentCache full:https://registry.npmjs.org/asynckit cache-miss
677 http fetch GET 200 https://registry.npmjs.org/asynckit 33ms (cache miss)
678 silly packumentCache full:https://registry.npmjs.org/asynckit set size:undefined disposed:false
679 silly fetch manifest combined-stream@^1.0.8
680 silly packumentCache full:https://registry.npmjs.org/combined-stream cache-miss
681 http fetch GET 200 https://registry.npmjs.org/combined-stream 46ms (cache miss)
682 silly packumentCache full:https://registry.npmjs.org/combined-stream set size:undefined disposed:false
683 silly fetch manifest es-set-tostringtag@^2.1.0
684 silly packumentCache full:https://registry.npmjs.org/es-set-tostringtag cache-miss
685 http fetch GET 200 https://registry.npmjs.org/es-set-tostringtag 28ms (cache miss)
686 silly packumentCache full:https://registry.npmjs.org/es-set-tostringtag set size:undefined disposed:false
687 silly fetch manifest hasown@^2.0.2
688 silly packumentCache full:https://registry.npmjs.org/hasown cache-miss
689 http fetch GET 200 https://registry.npmjs.org/hasown 54ms (cache miss)
690 silly packumentCache full:https://registry.npmjs.org/hasown set size:undefined disposed:false
691 silly fetch manifest mime-types@^2.1.12
692 silly packumentCache full:https://registry.npmjs.org/mime-types cache-miss
693 http fetch GET 200 https://registry.npmjs.org/mime-types 33ms (cache miss)
694 silly packumentCache full:https://registry.npmjs.org/mime-types set size:undefined disposed:false
695 silly fetch manifest browserslist@>= 4.21.0
696 silly packumentCache full:https://registry.npmjs.org/browserslist cache-miss
697 http cache https://registry.npmjs.org/browserslist 5ms (cache hit)
698 silly packumentCache full:https://registry.npmjs.org/browserslist set size:502989 disposed:false
699 silly placeDep ROOT baseline-browser-mapping@2.9.16 OK for: browserslist@4.28.1 want: ^2.9.0
700 silly placeDep ROOT caniuse-lite@1.0.30001765 OK for: browserslist@4.28.1 want: ^1.0.30001759
701 silly placeDep ROOT electron-to-chromium@1.5.267 OK for: browserslist@4.28.1 want: ^1.5.263
702 silly placeDep ROOT node-releases@2.0.27 OK for: browserslist@4.28.1 want: ^2.0.27
703 silly placeDep ROOT update-browserslist-db@1.2.3 OK for: browserslist@4.28.1 want: ^1.2.0
704 silly fetch manifest escalade@^3.2.0
705 silly packumentCache full:https://registry.npmjs.org/escalade cache-miss
706 http fetch GET 200 https://registry.npmjs.org/escalade 30ms (cache miss)
707 silly packumentCache full:https://registry.npmjs.org/escalade set size:undefined disposed:false
708 silly placeDep ROOT ms@2.1.3 OK for: debug@4.4.3 want: ^2.1.3
709 silly fetch manifest eslint@^6.0.0 || ^7.0.0 || >=8.0.0
710 silly packumentCache full:https://registry.npmjs.org/eslint cache-miss
711 http cache https://registry.npmjs.org/eslint 9ms (cache hit)
712 silly packumentCache full:https://registry.npmjs.org/eslint set size:1886875 disposed:false
713 silly placeDep ROOT @eslint-community/eslint-utils@4.9.1 OK for: eslint@9.39.2 want: ^4.8.0
714 silly placeDep ROOT @eslint-community/regexpp@4.12.2 OK for: eslint@9.39.2 want: ^4.12.1
715 silly placeDep ROOT @eslint/config-array@0.21.1 OK for: eslint@9.39.2 want: ^0.21.1
716 silly placeDep ROOT @eslint/config-helpers@0.4.2 OK for: eslint@9.39.2 want: ^0.4.2
717 silly placeDep ROOT @eslint/core@0.17.0 OK for: eslint@9.39.2 want: ^0.17.0
718 silly placeDep ROOT @eslint/eslintrc@3.3.3 OK for: eslint@9.39.2 want: ^3.3.1
719 silly placeDep ROOT @eslint/plugin-kit@0.4.1 OK for: eslint@9.39.2 want: ^0.4.1
720 silly placeDep ROOT @humanfs/node@0.16.7 OK for: eslint@9.39.2 want: ^0.16.6
721 silly placeDep ROOT @humanwhocodes/module-importer@1.0.1 OK for: eslint@9.39.2 want: ^1.0.1
722 silly placeDep ROOT @humanwhocodes/retry@0.4.3 OK for: eslint@9.39.2 want: ^0.4.2
723 silly placeDep ROOT @types/estree@1.0.8 OK for: eslint@9.39.2 want: ^1.0.6
724 silly placeDep ROOT ajv@6.12.6 OK for: eslint@9.39.2 want: ^6.12.4
725 silly placeDep ROOT chalk@4.1.2 OK for: eslint@9.39.2 want: ^4.0.0
726 silly placeDep ROOT cross-spawn@7.0.6 OK for: eslint@9.39.2 want: ^7.0.6
727 silly placeDep ROOT escape-string-regexp@4.0.0 OK for: eslint@9.39.2 want: ^4.0.0
728 silly placeDep ROOT eslint-scope@8.4.0 OK for: eslint@9.39.2 want: ^8.4.0
729 silly placeDep ROOT eslint-visitor-keys@4.2.1 OK for: eslint@9.39.2 want: ^4.2.1
730 silly placeDep ROOT espree@10.4.0 OK for: eslint@9.39.2 want: ^10.4.0
731 silly placeDep ROOT esquery@1.7.0 OK for: eslint@9.39.2 want: ^1.5.0
732 silly placeDep ROOT esutils@2.0.3 OK for: eslint@9.39.2 want: ^2.0.2
733 silly placeDep ROOT fast-deep-equal@3.1.3 OK for: eslint@9.39.2 want: ^3.1.3
734 silly placeDep ROOT file-entry-cache@8.0.0 OK for: eslint@9.39.2 want: ^8.0.0
735 silly placeDep ROOT find-up@5.0.0 OK for: eslint@9.39.2 want: ^5.0.0
736 silly placeDep ROOT glob-parent@6.0.2 OK for: eslint@9.39.2 want: ^6.0.2
737 silly placeDep ROOT ignore@5.3.2 OK for: eslint@9.39.2 want: ^5.2.0
738 silly placeDep ROOT imurmurhash@0.1.4 OK for: eslint@9.39.2 want: ^0.1.4
739 silly placeDep ROOT is-glob@4.0.3 OK for: eslint@9.39.2 want: ^4.0.0
740 silly placeDep ROOT json-stable-stringify-without-jsonify@1.0.1 OK for: eslint@9.39.2 want: ^1.0.1
741 silly placeDep ROOT lodash.merge@4.6.2 OK for: eslint@9.39.2 want: ^4.6.2
742 silly placeDep ROOT minimatch@3.1.2 OK for: eslint@9.39.2 want: ^3.1.2
743 silly placeDep ROOT natural-compare@1.4.0 OK for: eslint@9.39.2 want: ^1.4.0
744 silly placeDep ROOT optionator@0.9.4 OK for: eslint@9.39.2 want: ^0.9.3
745 silly fetch manifest eslint-visitor-keys@^3.4.3
746 silly packumentCache full:https://registry.npmjs.org/eslint-visitor-keys cache-miss
747 http cache https://registry.npmjs.org/eslint-visitor-keys 8ms (cache hit)
748 silly packumentCache full:https://registry.npmjs.org/eslint-visitor-keys set size:67352 disposed:false
749 silly fetch manifest @eslint/object-schema@^2.1.7
750 silly packumentCache full:https://registry.npmjs.org/@eslint%2fobject-schema cache-miss
751 http fetch GET 200 https://registry.npmjs.org/@eslint%2fobject-schema 47ms (cache miss)
752 silly packumentCache full:https://registry.npmjs.org/@eslint%2fobject-schema set size:undefined disposed:false
753 silly fetch manifest @types/json-schema@^7.0.15
754 silly packumentCache full:https://registry.npmjs.org/@types%2fjson-schema cache-miss
755 http fetch GET 200 https://registry.npmjs.org/@types%2fjson-schema 42ms (cache miss)
756 silly packumentCache full:https://registry.npmjs.org/@types%2fjson-schema set size:undefined disposed:false
757 silly fetch manifest espree@^10.0.1
758 silly packumentCache full:https://registry.npmjs.org/espree cache-miss
759 http cache https://registry.npmjs.org/espree 3ms (cache hit)
760 silly packumentCache full:https://registry.npmjs.org/espree set size:320553 disposed:false
761 silly fetch manifest globals@^14.0.0
762 silly packumentCache full:https://registry.npmjs.org/globals cache-miss
763 http cache https://registry.npmjs.org/globals 2ms (cache hit)
764 silly packumentCache full:https://registry.npmjs.org/globals set size:293859 disposed:false
765 silly fetch manifest import-fresh@^3.2.1
766 silly packumentCache full:https://registry.npmjs.org/import-fresh cache-miss
767 http fetch GET 200 https://registry.npmjs.org/import-fresh 28ms (cache miss)
768 silly packumentCache full:https://registry.npmjs.org/import-fresh set size:undefined disposed:false
769 silly fetch manifest js-yaml@^4.1.1
770 silly packumentCache full:https://registry.npmjs.org/js-yaml cache-miss
771 http fetch GET 200 https://registry.npmjs.org/js-yaml 34ms (cache miss)
772 silly packumentCache full:https://registry.npmjs.org/js-yaml set size:undefined disposed:false
773 silly fetch manifest strip-json-comments@^3.1.1
774 silly packumentCache full:https://registry.npmjs.org/strip-json-comments cache-miss
775 http fetch GET 200 https://registry.npmjs.org/strip-json-comments 33ms (cache miss)
776 silly packumentCache full:https://registry.npmjs.org/strip-json-comments set size:undefined disposed:false
777 silly fetch manifest levn@^0.4.1
778 silly packumentCache full:https://registry.npmjs.org/levn cache-miss
779 http fetch GET 200 https://registry.npmjs.org/levn 33ms (cache miss)
780 silly packumentCache full:https://registry.npmjs.org/levn set size:undefined disposed:false
781 silly fetch manifest @humanwhocodes/retry@^0.4.0
782 silly packumentCache full:https://registry.npmjs.org/@humanwhocodes%2fretry cache-miss
783 http cache https://registry.npmjs.org/@humanwhocodes%2fretry 5ms (cache hit)
784 silly packumentCache full:https://registry.npmjs.org/@humanwhocodes%2fretry set size:42348 disposed:false
785 silly fetch manifest @humanfs/core@^0.19.1
786 silly packumentCache full:https://registry.npmjs.org/@humanfs%2fcore cache-miss
787 http fetch GET 200 https://registry.npmjs.org/@humanfs%2fcore 62ms (cache miss)
788 silly packumentCache full:https://registry.npmjs.org/@humanfs%2fcore set size:undefined disposed:false
789 silly fetch manifest uri-js@^4.2.2
790 silly packumentCache full:https://registry.npmjs.org/uri-js cache-miss
791 http fetch GET 200 https://registry.npmjs.org/uri-js 85ms (cache miss)
792 silly packumentCache full:https://registry.npmjs.org/uri-js set size:undefined disposed:false
793 silly fetch manifest fast-deep-equal@^3.1.1
794 silly packumentCache full:https://registry.npmjs.org/fast-deep-equal cache-miss
795 http cache https://registry.npmjs.org/fast-deep-equal 2ms (cache hit)
796 silly packumentCache full:https://registry.npmjs.org/fast-deep-equal set size:48634 disposed:false
797 silly fetch manifest json-schema-traverse@^0.4.1
798 silly packumentCache full:https://registry.npmjs.org/json-schema-traverse cache-miss
799 http fetch GET 200 https://registry.npmjs.org/json-schema-traverse 33ms (cache miss)
800 silly packumentCache full:https://registry.npmjs.org/json-schema-traverse set size:undefined disposed:false
801 silly fetch manifest fast-json-stable-stringify@^2.0.0
802 silly packumentCache full:https://registry.npmjs.org/fast-json-stable-stringify cache-miss
803 http fetch GET 200 https://registry.npmjs.org/fast-json-stable-stringify 33ms (cache miss)
804 silly packumentCache full:https://registry.npmjs.org/fast-json-stable-stringify set size:undefined disposed:false
805 silly fetch manifest ansi-styles@^4.1.0
806 silly packumentCache full:https://registry.npmjs.org/ansi-styles cache-miss
807 http fetch GET 200 https://registry.npmjs.org/ansi-styles 39ms (cache miss)
808 silly packumentCache full:https://registry.npmjs.org/ansi-styles set size:undefined disposed:false
809 silly fetch manifest supports-color@^7.1.0
810 silly packumentCache full:https://registry.npmjs.org/supports-color cache-miss
811 http fetch GET 200 https://registry.npmjs.org/supports-color 34ms (cache miss)
812 silly packumentCache full:https://registry.npmjs.org/supports-color set size:undefined disposed:false
813 silly fetch manifest which@^2.0.1
814 silly packumentCache full:https://registry.npmjs.org/which cache-miss
815 http fetch GET 200 https://registry.npmjs.org/which 38ms (cache miss)
816 silly packumentCache full:https://registry.npmjs.org/which set size:undefined disposed:false
817 silly fetch manifest path-key@^3.1.0
818 silly packumentCache full:https://registry.npmjs.org/path-key cache-miss
819 http fetch GET 200 https://registry.npmjs.org/path-key 30ms (cache miss)
820 silly packumentCache full:https://registry.npmjs.org/path-key set size:undefined disposed:false
821 silly fetch manifest shebang-command@^2.0.0
822 silly packumentCache full:https://registry.npmjs.org/shebang-command cache-miss
823 http fetch GET 200 https://registry.npmjs.org/shebang-command 29ms (cache miss)
824 silly packumentCache full:https://registry.npmjs.org/shebang-command set size:undefined disposed:false
825 silly fetch manifest esrecurse@^4.3.0
826 silly packumentCache full:https://registry.npmjs.org/esrecurse cache-miss
827 http fetch GET 200 https://registry.npmjs.org/esrecurse 27ms (cache miss)
828 silly packumentCache full:https://registry.npmjs.org/esrecurse set size:undefined disposed:false
829 silly fetch manifest estraverse@^5.2.0
830 silly packumentCache full:https://registry.npmjs.org/estraverse cache-miss
831 http fetch GET 200 https://registry.npmjs.org/estraverse 44ms (cache miss)
832 silly packumentCache full:https://registry.npmjs.org/estraverse set size:undefined disposed:false
833 silly fetch manifest acorn@^8.15.0
834 silly packumentCache full:https://registry.npmjs.org/acorn cache-miss
835 http fetch GET 200 https://registry.npmjs.org/acorn 39ms (cache miss)
836 silly packumentCache full:https://registry.npmjs.org/acorn set size:undefined disposed:false
837 silly fetch manifest acorn-jsx@^5.3.2
838 silly packumentCache full:https://registry.npmjs.org/acorn-jsx cache-miss
839 http fetch GET 200 https://registry.npmjs.org/acorn-jsx 42ms (cache miss)
840 silly packumentCache full:https://registry.npmjs.org/acorn-jsx set size:undefined disposed:false
841 silly fetch manifest estraverse@^5.1.0
842 silly packumentCache full:https://registry.npmjs.org/estraverse cache-miss
843 http cache https://registry.npmjs.org/estraverse 3ms (cache hit)
844 silly packumentCache full:https://registry.npmjs.org/estraverse set size:62412 disposed:false
845 silly fetch manifest flat-cache@^4.0.0
846 silly packumentCache full:https://registry.npmjs.org/flat-cache cache-miss
847 http fetch GET 200 https://registry.npmjs.org/flat-cache 31ms (cache miss)
848 silly packumentCache full:https://registry.npmjs.org/flat-cache set size:undefined disposed:false
849 silly fetch manifest locate-path@^6.0.0
850 silly packumentCache full:https://registry.npmjs.org/locate-path cache-miss
851 http fetch GET 200 https://registry.npmjs.org/locate-path 32ms (cache miss)
852 silly packumentCache full:https://registry.npmjs.org/locate-path set size:undefined disposed:false
853 silly fetch manifest path-exists@^4.0.0
854 silly packumentCache full:https://registry.npmjs.org/path-exists cache-miss
855 http fetch GET 200 https://registry.npmjs.org/path-exists 32ms (cache miss)
856 silly packumentCache full:https://registry.npmjs.org/path-exists set size:undefined disposed:false
857 silly fetch manifest is-glob@^4.0.3
858 silly packumentCache full:https://registry.npmjs.org/is-glob cache-miss
859 http cache https://registry.npmjs.org/is-glob 2ms (cache hit)
860 silly packumentCache full:https://registry.npmjs.org/is-glob set size:40530 disposed:false
861 silly fetch manifest is-extglob@^2.1.1
862 silly packumentCache full:https://registry.npmjs.org/is-extglob cache-miss
863 http fetch GET 200 https://registry.npmjs.org/is-extglob 29ms (cache miss)
864 silly packumentCache full:https://registry.npmjs.org/is-extglob set size:undefined disposed:false
865 silly fetch manifest brace-expansion@^1.1.7
866 silly packumentCache full:https://registry.npmjs.org/brace-expansion cache-miss
867 http fetch GET 200 https://registry.npmjs.org/brace-expansion 31ms (cache miss)
868 silly packumentCache full:https://registry.npmjs.org/brace-expansion set size:undefined disposed:false
869 silly fetch manifest prelude-ls@^1.2.1
870 silly packumentCache full:https://registry.npmjs.org/prelude-ls cache-miss
871 http fetch GET 200 https://registry.npmjs.org/prelude-ls 29ms (cache miss)
872 silly packumentCache full:https://registry.npmjs.org/prelude-ls set size:undefined disposed:false
873 silly fetch manifest deep-is@^0.1.3
874 silly packumentCache full:https://registry.npmjs.org/deep-is cache-miss
875 http fetch GET 200 https://registry.npmjs.org/deep-is 37ms (cache miss)
876 silly packumentCache full:https://registry.npmjs.org/deep-is set size:undefined disposed:false
877 silly fetch manifest word-wrap@^1.2.5
878 silly packumentCache full:https://registry.npmjs.org/word-wrap cache-miss
879 http fetch GET 200 https://registry.npmjs.org/word-wrap 28ms (cache miss)
880 silly packumentCache full:https://registry.npmjs.org/word-wrap set size:undefined disposed:false
881 silly fetch manifest type-check@^0.4.0
882 silly packumentCache full:https://registry.npmjs.org/type-check cache-miss
883 http fetch GET 200 https://registry.npmjs.org/type-check 76ms (cache miss)
884 silly packumentCache full:https://registry.npmjs.org/type-check set size:undefined disposed:false
885 silly fetch manifest fast-levenshtein@^2.0.6
886 silly packumentCache full:https://registry.npmjs.org/fast-levenshtein cache-miss
887 http fetch GET 200 https://registry.npmjs.org/fast-levenshtein 33ms (cache miss)
888 silly packumentCache full:https://registry.npmjs.org/fast-levenshtein set size:undefined disposed:false
889 silly placeDep node_modules/@eslint-community/eslint-utils eslint-visitor-keys@3.4.3 OK for: @eslint-community/eslint-utils@4.9.1 want: ^3.4.3
890 silly placeDep ROOT @eslint/object-schema@2.1.7 OK for: @eslint/config-array@0.21.1 want: ^2.1.7
891 silly placeDep ROOT @types/json-schema@7.0.15 OK for: @eslint/core@0.17.0 want: ^7.0.15
892 silly placeDep node_modules/@eslint/eslintrc globals@14.0.0 OK for: @eslint/eslintrc@3.3.3 want: ^14.0.0
893 silly placeDep ROOT import-fresh@3.3.1 OK for: @eslint/eslintrc@3.3.3 want: ^3.2.1
894 silly placeDep ROOT js-yaml@4.1.1 OK for: @eslint/eslintrc@3.3.3 want: ^4.1.1
895 silly placeDep ROOT strip-json-comments@3.1.1 OK for: @eslint/eslintrc@3.3.3 want: ^3.1.1
896 silly fetch manifest parent-module@^1.0.0
897 silly packumentCache full:https://registry.npmjs.org/parent-module cache-miss
898 http fetch GET 200 https://registry.npmjs.org/parent-module 47ms (cache miss)
899 silly packumentCache full:https://registry.npmjs.org/parent-module set size:undefined disposed:false
900 silly fetch manifest resolve-from@^4.0.0
901 silly packumentCache full:https://registry.npmjs.org/resolve-from cache-miss
902 http fetch GET 200 https://registry.npmjs.org/resolve-from 34ms (cache miss)
903 silly packumentCache full:https://registry.npmjs.org/resolve-from set size:undefined disposed:false
904 silly fetch manifest argparse@^2.0.1
905 silly packumentCache full:https://registry.npmjs.org/argparse cache-miss
906 http fetch GET 200 https://registry.npmjs.org/argparse 31ms (cache miss)
907 silly packumentCache full:https://registry.npmjs.org/argparse set size:undefined disposed:false
908 silly placeDep ROOT levn@0.4.1 OK for: @eslint/plugin-kit@0.4.1 want: ^0.4.1
909 silly fetch manifest type-check@~0.4.0
910 silly packumentCache full:https://registry.npmjs.org/type-check cache-miss
911 http cache https://registry.npmjs.org/type-check 3ms (cache hit)
912 silly packumentCache full:https://registry.npmjs.org/type-check set size:21221 disposed:false
913 silly placeDep ROOT @humanfs/core@0.19.1 OK for: @humanfs/node@0.16.7 want: ^0.19.1
914 silly placeDep ROOT fast-json-stable-stringify@2.1.0 OK for: ajv@6.12.6 want: ^2.0.0
915 silly placeDep ROOT json-schema-traverse@0.4.1 OK for: ajv@6.12.6 want: ^0.4.1
916 silly placeDep ROOT uri-js@4.4.1 OK for: ajv@6.12.6 want: ^4.2.2
917 silly fetch manifest punycode@^2.1.0
918 silly packumentCache full:https://registry.npmjs.org/punycode cache-miss
919 http fetch GET 200 https://registry.npmjs.org/punycode 32ms (cache miss)
920 silly packumentCache full:https://registry.npmjs.org/punycode set size:undefined disposed:false
921 silly placeDep ROOT ansi-styles@4.3.0 OK for: chalk@4.1.2 want: ^4.1.0
922 silly placeDep ROOT supports-color@7.2.0 OK for: chalk@4.1.2 want: ^7.1.0
923 silly fetch manifest color-convert@^2.0.1
924 silly packumentCache full:https://registry.npmjs.org/color-convert cache-miss
925 http fetch GET 200 https://registry.npmjs.org/color-convert 38ms (cache miss)
926 silly packumentCache full:https://registry.npmjs.org/color-convert set size:undefined disposed:false
927 silly fetch manifest has-flag@^4.0.0
928 silly packumentCache full:https://registry.npmjs.org/has-flag cache-miss
929 http fetch GET 200 https://registry.npmjs.org/has-flag 44ms (cache miss)
930 silly packumentCache full:https://registry.npmjs.org/has-flag set size:undefined disposed:false
931 silly placeDep ROOT color-convert@2.0.1 OK for: ansi-styles@4.3.0 want: ^2.0.1
932 silly fetch manifest color-name@~1.1.4
933 silly packumentCache full:https://registry.npmjs.org/color-name cache-miss
934 http fetch GET 200 https://registry.npmjs.org/color-name 46ms (cache miss)
935 silly packumentCache full:https://registry.npmjs.org/color-name set size:undefined disposed:false
936 silly placeDep ROOT color-name@1.1.4 OK for: color-convert@2.0.1 want: ~1.1.4
937 silly placeDep ROOT path-key@3.1.1 OK for: cross-spawn@7.0.6 want: ^3.1.0
938 silly placeDep ROOT shebang-command@2.0.0 OK for: cross-spawn@7.0.6 want: ^2.0.0
939 silly placeDep ROOT which@2.0.2 OK for: cross-spawn@7.0.6 want: ^2.0.1
940 silly fetch manifest shebang-regex@^3.0.0
941 silly packumentCache full:https://registry.npmjs.org/shebang-regex cache-miss
942 http fetch GET 200 https://registry.npmjs.org/shebang-regex 38ms (cache miss)
943 silly packumentCache full:https://registry.npmjs.org/shebang-regex set size:undefined disposed:false
944 silly fetch manifest isexe@^2.0.0
945 silly packumentCache full:https://registry.npmjs.org/isexe cache-miss
946 http fetch GET 200 https://registry.npmjs.org/isexe 37ms (cache miss)
947 silly packumentCache full:https://registry.npmjs.org/isexe set size:undefined disposed:false
948 silly placeDep ROOT hermes-parser@0.25.1 OK for: eslint-plugin-react-hooks@7.0.1 want: ^0.25.1
949 silly placeDep ROOT zod@4.3.5 OK for: eslint-plugin-react-hooks@7.0.1 want: ^3.25.0 || ^4.0.0
950 silly placeDep ROOT zod-validation-error@4.0.2 OK for: eslint-plugin-react-hooks@7.0.1 want: ^3.5.0 || ^4.0.0
951 silly fetch manifest hermes-estree@0.25.1
952 silly packumentCache full:https://registry.npmjs.org/hermes-estree cache-miss
953 http fetch GET 200 https://registry.npmjs.org/hermes-estree 42ms (cache miss)
954 silly packumentCache full:https://registry.npmjs.org/hermes-estree set size:undefined disposed:false
955 silly placeDep ROOT esrecurse@4.3.0 OK for: eslint-scope@8.4.0 want: ^4.3.0
956 silly placeDep ROOT estraverse@5.3.0 OK for: eslint-scope@8.4.0 want: ^5.2.0
957 silly placeDep ROOT acorn@8.15.0 OK for: espree@10.4.0 want: ^8.15.0
958 silly placeDep ROOT acorn-jsx@5.3.2 OK for: espree@10.4.0 want: ^5.3.2
959 silly placeDep ROOT flat-cache@4.0.1 OK for: file-entry-cache@8.0.0 want: ^4.0.0
960 silly fetch manifest keyv@^4.5.4
961 silly packumentCache full:https://registry.npmjs.org/keyv cache-miss
962 http fetch GET 200 https://registry.npmjs.org/keyv 33ms (cache miss)
963 silly packumentCache full:https://registry.npmjs.org/keyv set size:undefined disposed:false
964 silly fetch manifest flatted@^3.2.9
965 silly packumentCache full:https://registry.npmjs.org/flatted cache-miss
966 http fetch GET 200 https://registry.npmjs.org/flatted 27ms (cache miss)
967 silly packumentCache full:https://registry.npmjs.org/flatted set size:undefined disposed:false
968 silly placeDep ROOT locate-path@6.0.0 OK for: find-up@5.0.0 want: ^6.0.0
969 silly placeDep ROOT path-exists@4.0.0 OK for: find-up@5.0.0 want: ^4.0.0
970 silly fetch manifest p-locate@^5.0.0
971 silly packumentCache full:https://registry.npmjs.org/p-locate cache-miss
972 http fetch GET 200 https://registry.npmjs.org/p-locate 29ms (cache miss)
973 silly packumentCache full:https://registry.npmjs.org/p-locate set size:undefined disposed:false
974 silly placeDep ROOT flatted@3.3.3 OK for: flat-cache@4.0.1 want: ^3.2.9
975 silly placeDep ROOT keyv@4.5.4 OK for: flat-cache@4.0.1 want: ^4.5.4
976 silly fetch manifest json-buffer@3.0.1
977 silly packumentCache full:https://registry.npmjs.org/json-buffer cache-miss
978 http fetch GET 200 https://registry.npmjs.org/json-buffer 70ms (cache miss)
979 silly packumentCache full:https://registry.npmjs.org/json-buffer set size:undefined disposed:false
980 silly placeDep ROOT asynckit@0.4.0 OK for: form-data@4.0.5 want: ^0.4.0
981 silly placeDep ROOT combined-stream@1.0.8 OK for: form-data@4.0.5 want: ^1.0.8
982 silly placeDep ROOT es-set-tostringtag@2.1.0 OK for: form-data@4.0.5 want: ^2.1.0
983 silly placeDep ROOT hasown@2.0.2 OK for: form-data@4.0.5 want: ^2.0.2
984 silly placeDep ROOT mime-types@2.1.35 OK for: form-data@4.0.5 want: ^2.1.12
985 silly fetch manifest delayed-stream@~1.0.0
986 silly packumentCache full:https://registry.npmjs.org/delayed-stream cache-miss
987 http fetch GET 200 https://registry.npmjs.org/delayed-stream 54ms (cache miss)
988 silly packumentCache full:https://registry.npmjs.org/delayed-stream set size:undefined disposed:false
989 silly fetch manifest es-errors@^1.3.0
990 silly packumentCache full:https://registry.npmjs.org/es-errors cache-miss
991 http fetch GET 200 https://registry.npmjs.org/es-errors 49ms (cache miss)
992 silly packumentCache full:https://registry.npmjs.org/es-errors set size:undefined disposed:false
993 silly fetch manifest get-intrinsic@^1.2.6
994 silly packumentCache full:https://registry.npmjs.org/get-intrinsic cache-miss
995 http fetch GET 200 https://registry.npmjs.org/get-intrinsic 72ms (cache miss)
996 silly packumentCache full:https://registry.npmjs.org/get-intrinsic set size:undefined disposed:false
997 silly fetch manifest has-tostringtag@^1.0.2
998 silly packumentCache full:https://registry.npmjs.org/has-tostringtag cache-miss
999 http fetch GET 200 https://registry.npmjs.org/has-tostringtag 36ms (cache miss)
1000 silly packumentCache full:https://registry.npmjs.org/has-tostringtag set size:undefined disposed:false
1001 silly fetch manifest function-bind@^1.1.2
1002 silly packumentCache full:https://registry.npmjs.org/function-bind cache-miss
1003 http fetch GET 200 https://registry.npmjs.org/function-bind 26ms (cache miss)
1004 silly packumentCache full:https://registry.npmjs.org/function-bind set size:undefined disposed:false
1005 silly fetch manifest mime-db@1.52.0
1006 silly packumentCache full:https://registry.npmjs.org/mime-db cache-miss
1007 http fetch GET 200 https://registry.npmjs.org/mime-db 37ms (cache miss)
1008 silly packumentCache full:https://registry.npmjs.org/mime-db set size:undefined disposed:false
1009 silly placeDep ROOT delayed-stream@1.0.0 OK for: combined-stream@1.0.8 want: ~1.0.0
1010 silly placeDep ROOT es-errors@1.3.0 OK for: es-set-tostringtag@2.1.0 want: ^1.3.0
1011 silly placeDep ROOT get-intrinsic@1.3.0 OK for: es-set-tostringtag@2.1.0 want: ^1.2.6
1012 silly placeDep ROOT has-tostringtag@1.0.2 OK for: es-set-tostringtag@2.1.0 want: ^1.0.2
1013 silly fetch manifest gopd@^1.2.0
1014 silly packumentCache full:https://registry.npmjs.org/gopd cache-miss
1015 http fetch GET 200 https://registry.npmjs.org/gopd 52ms (cache miss)
1016 silly packumentCache full:https://registry.npmjs.org/gopd set size:undefined disposed:false
1017 silly fetch manifest get-proto@^1.0.1
1018 silly packumentCache full:https://registry.npmjs.org/get-proto cache-miss
1019 http fetch GET 200 https://registry.npmjs.org/get-proto 38ms (cache miss)
1020 silly packumentCache full:https://registry.npmjs.org/get-proto set size:undefined disposed:false
1021 silly fetch manifest has-symbols@^1.1.0
1022 silly packumentCache full:https://registry.npmjs.org/has-symbols cache-miss
1023 http fetch GET 200 https://registry.npmjs.org/has-symbols 99ms (cache miss)
1024 silly packumentCache full:https://registry.npmjs.org/has-symbols set size:undefined disposed:false
1025 silly fetch manifest es-object-atoms@^1.1.1
1026 silly packumentCache full:https://registry.npmjs.org/es-object-atoms cache-miss
1027 http fetch GET 200 https://registry.npmjs.org/es-object-atoms 50ms (cache miss)
1028 silly packumentCache full:https://registry.npmjs.org/es-object-atoms set size:undefined disposed:false
1029 silly fetch manifest math-intrinsics@^1.1.0
1030 silly packumentCache full:https://registry.npmjs.org/math-intrinsics cache-miss
1031 http fetch GET 200 https://registry.npmjs.org/math-intrinsics 38ms (cache miss)
1032 silly packumentCache full:https://registry.npmjs.org/math-intrinsics set size:undefined disposed:false
1033 silly fetch manifest es-define-property@^1.0.1
1034 silly packumentCache full:https://registry.npmjs.org/es-define-property cache-miss
1035 http fetch GET 200 https://registry.npmjs.org/es-define-property 29ms (cache miss)
1036 silly packumentCache full:https://registry.npmjs.org/es-define-property set size:undefined disposed:false
1037 silly fetch manifest call-bind-apply-helpers@^1.0.2
1038 silly packumentCache full:https://registry.npmjs.org/call-bind-apply-helpers cache-miss
1039 http fetch GET 200 https://registry.npmjs.org/call-bind-apply-helpers 43ms (cache miss)
1040 silly packumentCache full:https://registry.npmjs.org/call-bind-apply-helpers set size:undefined disposed:false
1041 silly fetch manifest has-symbols@^1.0.3
1042 silly packumentCache full:https://registry.npmjs.org/has-symbols cache-miss
1043 http cache https://registry.npmjs.org/has-symbols 2ms (cache hit)
1044 silly packumentCache full:https://registry.npmjs.org/has-symbols set size:21550 disposed:false
1045 silly placeDep ROOT call-bind-apply-helpers@1.0.2 OK for: get-intrinsic@1.3.0 want: ^1.0.2
1046 silly placeDep ROOT es-define-property@1.0.1 OK for: get-intrinsic@1.3.0 want: ^1.0.1
1047 silly placeDep ROOT es-object-atoms@1.1.1 OK for: get-intrinsic@1.3.0 want: ^1.1.1
1048 silly placeDep ROOT function-bind@1.1.2 OK for: get-intrinsic@1.3.0 want: ^1.1.2
1049 silly placeDep ROOT get-proto@1.0.1 OK for: get-intrinsic@1.3.0 want: ^1.0.1
1050 silly placeDep ROOT gopd@1.2.0 OK for: get-intrinsic@1.3.0 want: ^1.2.0
1051 silly placeDep ROOT has-symbols@1.1.0 OK for: get-intrinsic@1.3.0 want: ^1.1.0
1052 silly placeDep ROOT math-intrinsics@1.1.0 OK for: get-intrinsic@1.3.0 want: ^1.1.0
1053 silly fetch manifest dunder-proto@^1.0.1
1054 silly packumentCache full:https://registry.npmjs.org/dunder-proto cache-miss
1055 http fetch GET 200 https://registry.npmjs.org/dunder-proto 35ms (cache miss)
1056 silly packumentCache full:https://registry.npmjs.org/dunder-proto set size:undefined disposed:false
1057 silly placeDep ROOT dunder-proto@1.0.1 OK for: get-proto@1.0.1 want: ^1.0.1
1058 silly placeDep ROOT hermes-estree@0.25.1 OK for: hermes-parser@0.25.1 want: 0.25.1
1059 silly placeDep ROOT parent-module@1.0.1 OK for: import-fresh@3.3.1 want: ^1.0.0
1060 silly placeDep ROOT resolve-from@4.0.0 OK for: import-fresh@3.3.1 want: ^4.0.0
1061 silly fetch manifest callsites@^3.0.0
1062 silly packumentCache full:https://registry.npmjs.org/callsites cache-miss
1063 http fetch GET 200 https://registry.npmjs.org/callsites 31ms (cache miss)
1064 silly packumentCache full:https://registry.npmjs.org/callsites set size:undefined disposed:false
1065 silly placeDep ROOT is-extglob@2.1.1 OK for: is-glob@4.0.3 want: ^2.1.1
1066 silly placeDep ROOT argparse@2.0.1 OK for: js-yaml@4.1.1 want: ^2.0.1
1067 silly placeDep ROOT json-buffer@3.0.1 OK for: keyv@4.5.4 want: 3.0.1
1068 silly placeDep ROOT prelude-ls@1.2.1 OK for: levn@0.4.1 want: ^1.2.1
1069 silly placeDep ROOT type-check@0.4.0 OK for: levn@0.4.1 want: ~0.4.0
1070 silly placeDep ROOT p-locate@5.0.0 OK for: locate-path@6.0.0 want: ^5.0.0
1071 silly fetch manifest p-limit@^3.0.2
1072 silly packumentCache full:https://registry.npmjs.org/p-limit cache-miss
1073 http fetch GET 200 https://registry.npmjs.org/p-limit 43ms (cache miss)
1074 silly packumentCache full:https://registry.npmjs.org/p-limit set size:undefined disposed:false
1075 silly placeDep ROOT yallist@3.1.1 OK for: lru-cache@5.1.1 want: ^3.0.2
1076 silly placeDep ROOT mime-db@1.52.0 OK for: mime-types@2.1.35 want: 1.52.0
1077 silly placeDep ROOT brace-expansion@1.1.12 OK for: minimatch@3.1.2 want: ^1.1.7
1078 silly fetch manifest balanced-match@^1.0.0
1079 silly packumentCache full:https://registry.npmjs.org/balanced-match cache-miss
1080 http fetch GET 200 https://registry.npmjs.org/balanced-match 38ms (cache miss)
1081 silly packumentCache full:https://registry.npmjs.org/balanced-match set size:undefined disposed:false
1082 silly fetch manifest concat-map@0.0.1
1083 silly packumentCache full:https://registry.npmjs.org/concat-map cache-miss
1084 http fetch GET 200 https://registry.npmjs.org/concat-map 25ms (cache miss)
1085 silly packumentCache full:https://registry.npmjs.org/concat-map set size:undefined disposed:false
1086 silly placeDep ROOT balanced-match@1.0.2 OK for: brace-expansion@1.1.12 want: ^1.0.0
1087 silly placeDep ROOT concat-map@0.0.1 OK for: brace-expansion@1.1.12 want: 0.0.1
1088 silly placeDep ROOT deep-is@0.1.4 OK for: optionator@0.9.4 want: ^0.1.3
1089 silly placeDep ROOT fast-levenshtein@2.0.6 OK for: optionator@0.9.4 want: ^2.0.6
1090 silly placeDep ROOT word-wrap@1.2.5 OK for: optionator@0.9.4 want: ^1.2.5
1091 silly placeDep ROOT p-limit@3.1.0 OK for: p-locate@5.0.0 want: ^3.0.2
1092 silly fetch manifest yocto-queue@^0.1.0
1093 silly packumentCache full:https://registry.npmjs.org/yocto-queue cache-miss
1094 http fetch GET 200 https://registry.npmjs.org/yocto-queue 118ms (cache miss)
1095 silly packumentCache full:https://registry.npmjs.org/yocto-queue set size:undefined disposed:false
1096 silly placeDep ROOT yocto-queue@0.1.0 OK for: p-limit@3.1.0 want: ^0.1.0
1097 silly placeDep ROOT callsites@3.1.0 OK for: parent-module@1.0.1 want: ^3.0.0
1098 silly placeDep ROOT scheduler@0.27.0 OK for: react-dom@19.2.3 want: ^0.27.0
1099 silly fetch manifest react@>=18
1100 silly packumentCache full:https://registry.npmjs.org/react cache-miss
1101 http cache https://registry.npmjs.org/react 15ms (cache hit)
1102 silly packumentCache full:https://registry.npmjs.org/react set size:6398188 disposed:false
1103 silly fetch manifest react-dom@>=18
1104 silly packumentCache full:https://registry.npmjs.org/react-dom cache-miss
1105 http cache https://registry.npmjs.org/react-dom 24ms (cache hit)
1106 silly packumentCache full:https://registry.npmjs.org/react-dom set size:8436180 disposed:false
1107 silly placeDep ROOT react-router@7.12.0 OK for: react-router-dom@7.12.0 want: 7.12.0
1108 silly fetch manifest cookie@^1.0.1
1109 silly packumentCache full:https://registry.npmjs.org/cookie cache-miss
1110 http fetch GET 200 https://registry.npmjs.org/cookie 31ms (cache miss)
1111 silly packumentCache full:https://registry.npmjs.org/cookie set size:undefined disposed:false
1112 silly fetch manifest set-cookie-parser@^2.6.0
1113 silly packumentCache full:https://registry.npmjs.org/set-cookie-parser cache-miss
1114 http fetch GET 200 https://registry.npmjs.org/set-cookie-parser 80ms (cache miss)
1115 silly packumentCache full:https://registry.npmjs.org/set-cookie-parser set size:undefined disposed:false
1116 silly placeDep ROOT cookie@1.1.1 OK for: react-router@7.12.0 want: ^1.0.1
1117 silly placeDep ROOT set-cookie-parser@2.7.2 OK for: react-router@7.12.0 want: ^2.6.0
1118 silly fetch manifest react@^16.8.0 || ^17.0.0 || ^18.0.0 || ^19.0.0
1119 silly packumentCache full:https://registry.npmjs.org/react cache-miss
1120 http cache https://registry.npmjs.org/react 15ms (cache hit)
1121 silly packumentCache full:https://registry.npmjs.org/react set size:6398188 disposed:false
1122 silly fetch manifest @types/react@^18.2.25 || ^19
1123 silly packumentCache full:https://registry.npmjs.org/@types%2freact cache-miss
1124 http cache https://registry.npmjs.org/@types%2freact 14ms (cache hit)
1125 silly packumentCache full:https://registry.npmjs.org/@types%2freact set size:2551060 disposed:false
1126 silly fetch manifest redux@^5.0.0
1127 silly packumentCache full:https://registry.npmjs.org/redux cache-miss
1128 http fetch GET 200 https://registry.npmjs.org/redux 47ms (cache miss)
1129 silly packumentCache full:https://registry.npmjs.org/redux set size:undefined disposed:false
1130 silly placeDep ROOT @reduxjs/toolkit@2.11.2 OK for: recharts@3.6.0 want: 1.x.x || 2.x.x
1131 silly placeDep ROOT clsx@2.1.1 OK for: recharts@3.6.0 want: ^2.1.1
1132 silly placeDep ROOT decimal.js-light@2.5.1 OK for: recharts@3.6.0 want: ^2.5.1
1133 silly placeDep ROOT es-toolkit@1.44.0 OK for: recharts@3.6.0 want: ^1.39.3
1134 silly placeDep ROOT eventemitter3@5.0.4 OK for: recharts@3.6.0 want: ^5.0.1
1135 silly placeDep ROOT immer@10.2.0 OK for: recharts@3.6.0 want: ^10.1.1
1136 silly placeDep ROOT react-redux@9.2.0 OK for: recharts@3.6.0 want: 8.x.x || 9.x.x
1137 silly placeDep ROOT reselect@5.1.1 OK for: recharts@3.6.0 want: 5.1.1
1138 silly placeDep ROOT tiny-invariant@1.3.3 OK for: recharts@3.6.0 want: ^1.3.3
1139 silly placeDep ROOT use-sync-external-store@1.6.0 OK for: recharts@3.6.0 want: ^1.2.2
1140 silly placeDep ROOT victory-vendor@37.3.6 OK for: recharts@3.6.0 want: ^37.0.2
1141 silly fetch manifest @standard-schema/spec@^1.0.0
1142 silly packumentCache full:https://registry.npmjs.org/@standard-schema%2fspec cache-miss
1143 http fetch GET 200 https://registry.npmjs.org/@standard-schema%2fspec 58ms (cache miss)
1144 silly packumentCache full:https://registry.npmjs.org/@standard-schema%2fspec set size:undefined disposed:false
1145 silly fetch manifest @standard-schema/utils@^0.3.0
1146 silly packumentCache full:https://registry.npmjs.org/@standard-schema%2futils cache-miss
1147 http fetch GET 200 https://registry.npmjs.org/@standard-schema%2futils 356ms (cache miss)
1148 silly packumentCache full:https://registry.npmjs.org/@standard-schema%2futils set size:undefined disposed:false
1149 silly fetch manifest immer@^11.0.0
1150 silly packumentCache full:https://registry.npmjs.org/immer cache-miss
1151 http cache https://registry.npmjs.org/immer 3ms (cache hit)
1152 silly packumentCache full:https://registry.npmjs.org/immer set size:743795 disposed:false
1153 silly fetch manifest redux@^5.0.1
1154 silly packumentCache full:https://registry.npmjs.org/redux cache-miss
1155 http cache https://registry.npmjs.org/redux 3ms (cache hit)
1156 silly packumentCache full:https://registry.npmjs.org/redux set size:553833 disposed:false
1157 silly fetch manifest redux-thunk@^3.1.0
1158 silly packumentCache full:https://registry.npmjs.org/redux-thunk cache-miss
1159 http fetch GET 200 https://registry.npmjs.org/redux-thunk 53ms (cache miss)
1160 silly packumentCache full:https://registry.npmjs.org/redux-thunk set size:undefined disposed:false
1161 silly fetch manifest reselect@^5.1.0
1162 silly packumentCache full:https://registry.npmjs.org/reselect cache-miss
1163 http cache https://registry.npmjs.org/reselect 3ms (cache hit)
1164 silly packumentCache full:https://registry.npmjs.org/reselect set size:910470 disposed:false
1165 silly fetch manifest @types/use-sync-external-store@^0.0.6
1166 silly packumentCache full:https://registry.npmjs.org/@types%2fuse-sync-external-store cache-miss
1167 http fetch GET 200 https://registry.npmjs.org/@types%2fuse-sync-external-store 46ms (cache miss)
1168 silly packumentCache full:https://registry.npmjs.org/@types%2fuse-sync-external-store set size:undefined disposed:false
1169 silly fetch manifest use-sync-external-store@^1.4.0
1170 silly packumentCache full:https://registry.npmjs.org/use-sync-external-store cache-miss
1171 http cache https://registry.npmjs.org/use-sync-external-store 15ms (cache hit)
1172 silly packumentCache full:https://registry.npmjs.org/use-sync-external-store set size:4408944 disposed:false
1173 silly fetch manifest d3-ease@^3.0.1
1174 silly packumentCache full:https://registry.npmjs.org/d3-ease cache-miss
1175 http fetch GET 200 https://registry.npmjs.org/d3-ease 36ms (cache miss)
1176 silly packumentCache full:https://registry.npmjs.org/d3-ease set size:undefined disposed:false
1177 silly fetch manifest d3-time@^3.0.0
1178 silly packumentCache full:https://registry.npmjs.org/d3-time cache-miss
1179 http fetch GET 200 https://registry.npmjs.org/d3-time 186ms (cache miss)
1180 silly packumentCache full:https://registry.npmjs.org/d3-time set size:undefined disposed:false
1181 silly fetch manifest d3-array@^3.1.6
1182 silly packumentCache full:https://registry.npmjs.org/d3-array cache-miss
1183 http fetch GET 200 https://registry.npmjs.org/d3-array 197ms (cache miss)
1184 silly packumentCache full:https://registry.npmjs.org/d3-array set size:undefined disposed:false
1185 silly fetch manifest d3-scale@^4.0.2
1186 silly packumentCache full:https://registry.npmjs.org/d3-scale cache-miss
1187 http fetch GET 200 https://registry.npmjs.org/d3-scale 67ms (cache miss)
1188 silly packumentCache full:https://registry.npmjs.org/d3-scale set size:undefined disposed:false
1189 silly fetch manifest d3-shape@^3.1.0
1190 silly packumentCache full:https://registry.npmjs.org/d3-shape cache-miss
1191 http fetch GET 200 https://registry.npmjs.org/d3-shape 37ms (cache miss)
1192 silly packumentCache full:https://registry.npmjs.org/d3-shape set size:undefined disposed:false
1193 silly fetch manifest d3-timer@^3.0.1
1194 silly packumentCache full:https://registry.npmjs.org/d3-timer cache-miss
1195 http fetch GET 200 https://registry.npmjs.org/d3-timer 37ms (cache miss)
1196 silly packumentCache full:https://registry.npmjs.org/d3-timer set size:undefined disposed:false
1197 silly fetch manifest @types/d3-ease@^3.0.0
1198 silly packumentCache full:https://registry.npmjs.org/@types%2fd3-ease cache-miss
1199 http fetch GET 200 https://registry.npmjs.org/@types%2fd3-ease 49ms (cache miss)
1200 silly packumentCache full:https://registry.npmjs.org/@types%2fd3-ease set size:undefined disposed:false
1201 silly fetch manifest @types/d3-time@^3.0.0
1202 silly packumentCache full:https://registry.npmjs.org/@types%2fd3-time cache-miss
1203 http fetch GET 200 https://registry.npmjs.org/@types%2fd3-time 53ms (cache miss)
1204 silly packumentCache full:https://registry.npmjs.org/@types%2fd3-time set size:undefined disposed:false
1205 silly fetch manifest d3-interpolate@^3.0.1
1206 silly packumentCache full:https://registry.npmjs.org/d3-interpolate cache-miss
1207 http fetch GET 200 https://registry.npmjs.org/d3-interpolate 57ms (cache miss)
1208 silly packumentCache full:https://registry.npmjs.org/d3-interpolate set size:undefined disposed:false
1209 silly fetch manifest @types/d3-array@^3.0.3
1210 silly packumentCache full:https://registry.npmjs.org/@types%2fd3-array cache-miss
1211 http fetch GET 200 https://registry.npmjs.org/@types%2fd3-array 43ms (cache miss)
1212 silly packumentCache full:https://registry.npmjs.org/@types%2fd3-array set size:undefined disposed:false
1213 silly fetch manifest @types/d3-scale@^4.0.2
1214 silly packumentCache full:https://registry.npmjs.org/@types%2fd3-scale cache-miss
1215 http fetch GET 200 https://registry.npmjs.org/@types%2fd3-scale 130ms (cache miss)
1216 silly packumentCache full:https://registry.npmjs.org/@types%2fd3-scale set size:undefined disposed:false
1217 silly fetch manifest @types/d3-shape@^3.1.0
1218 silly packumentCache full:https://registry.npmjs.org/@types%2fd3-shape cache-miss
1219 http fetch GET 200 https://registry.npmjs.org/@types%2fd3-shape 67ms (cache miss)
1220 silly packumentCache full:https://registry.npmjs.org/@types%2fd3-shape set size:undefined disposed:false
1221 silly fetch manifest @types/d3-timer@^3.0.0
1222 silly packumentCache full:https://registry.npmjs.org/@types%2fd3-timer cache-miss
1223 http fetch GET 200 https://registry.npmjs.org/@types%2fd3-timer 52ms (cache miss)
1224 silly packumentCache full:https://registry.npmjs.org/@types%2fd3-timer set size:undefined disposed:false
1225 silly fetch manifest @types/d3-interpolate@^3.0.1
1226 silly packumentCache full:https://registry.npmjs.org/@types%2fd3-interpolate cache-miss
1227 http fetch GET 200 https://registry.npmjs.org/@types%2fd3-interpolate 60ms (cache miss)
1228 silly packumentCache full:https://registry.npmjs.org/@types%2fd3-interpolate set size:undefined disposed:false
1229 silly placeDep ROOT @standard-schema/spec@1.1.0 OK for: @reduxjs/toolkit@2.11.2 want: ^1.0.0
1230 silly placeDep ROOT @standard-schema/utils@0.3.0 OK for: @reduxjs/toolkit@2.11.2 want: ^0.3.0
1231 silly placeDep node_modules/@reduxjs/toolkit immer@11.1.3 OK for: @reduxjs/toolkit@2.11.2 want: ^11.0.0
1232 silly placeDep ROOT redux@5.0.1 OK for: @reduxjs/toolkit@2.11.2 want: ^5.0.1
1233 silly placeDep ROOT redux-thunk@3.1.0 OK for: @reduxjs/toolkit@2.11.2 want: ^3.1.0
1234 silly placeDep ROOT @types/use-sync-external-store@0.0.6 OK for: react-redux@9.2.0 want: ^0.0.6
1235 silly placeDep ROOT shebang-regex@3.0.0 OK for: shebang-command@2.0.0 want: ^3.0.0
1236 silly placeDep ROOT has-flag@4.0.0 OK for: supports-color@7.2.0 want: ^4.0.0
1237 silly fetch manifest eslint@^8.57.0 || ^9.0.0
1238 silly packumentCache full:https://registry.npmjs.org/eslint cache-miss
1239 http cache https://registry.npmjs.org/eslint 7ms (cache hit)
1240 silly packumentCache full:https://registry.npmjs.org/eslint set size:1886875 disposed:false
1241 silly fetch manifest typescript@>=4.8.4 <6.0.0
1242 silly packumentCache full:https://registry.npmjs.org/typescript cache-miss
1243 http cache https://registry.npmjs.org/typescript 32ms (cache hit)
1244 silly packumentCache full:https://registry.npmjs.org/typescript set size:15148409 disposed:false
1245 silly placeDep ROOT @typescript-eslint/eslint-plugin@8.53.1 OK for: typescript-eslint@8.53.1 want: 8.53.1
1246 silly placeDep ROOT @typescript-eslint/parser@8.53.1 OK for: @typescript-eslint/eslint-plugin@8.53.1 want: ^8.53.1
1247 silly placeDep ROOT @typescript-eslint/typescript-estree@8.53.1 OK for: typescript-eslint@8.53.1 want: 8.53.1
1248 silly placeDep ROOT @typescript-eslint/utils@8.53.1 OK for: typescript-eslint@8.53.1 want: 8.53.1
1249 silly fetch manifest ignore@^7.0.5
1250 silly packumentCache full:https://registry.npmjs.org/ignore cache-miss
1251 http cache https://registry.npmjs.org/ignore 3ms (cache hit)
1252 silly packumentCache full:https://registry.npmjs.org/ignore set size:237380 disposed:false
1253 silly fetch manifest ts-api-utils@^2.4.0
1254 silly packumentCache full:https://registry.npmjs.org/ts-api-utils cache-miss
1255 http fetch GET 200 https://registry.npmjs.org/ts-api-utils 42ms (cache miss)
1256 silly packumentCache full:https://registry.npmjs.org/ts-api-utils set size:undefined disposed:false
1257 silly fetch manifest @typescript-eslint/type-utils@8.53.1
1258 silly packumentCache full:https://registry.npmjs.org/@typescript-eslint%2ftype-utils cache-miss
1259 http fetch GET 200 https://registry.npmjs.org/@typescript-eslint%2ftype-utils 240ms (cache miss)
1260 silly packumentCache full:https://registry.npmjs.org/@typescript-eslint%2ftype-utils set size:undefined disposed:false
1261 silly fetch manifest @typescript-eslint/visitor-keys@8.53.1
1262 silly packumentCache full:https://registry.npmjs.org/@typescript-eslint%2fvisitor-keys cache-miss
1263 http fetch GET 200 https://registry.npmjs.org/@typescript-eslint%2fvisitor-keys 595ms (cache miss)
1264 silly packumentCache full:https://registry.npmjs.org/@typescript-eslint%2fvisitor-keys set size:undefined disposed:false
1265 silly fetch manifest @typescript-eslint/scope-manager@8.53.1
1266 silly packumentCache full:https://registry.npmjs.org/@typescript-eslint%2fscope-manager cache-miss
1267 http fetch GET 200 https://registry.npmjs.org/@typescript-eslint%2fscope-manager 330ms (cache miss)
1268 silly packumentCache full:https://registry.npmjs.org/@typescript-eslint%2fscope-manager set size:undefined disposed:false
1269 silly fetch manifest @typescript-eslint/types@8.53.1
1270 silly packumentCache full:https://registry.npmjs.org/@typescript-eslint%2ftypes cache-miss
1271 http fetch GET 200 https://registry.npmjs.org/@typescript-eslint%2ftypes 430ms (cache miss)
1272 silly packumentCache full:https://registry.npmjs.org/@typescript-eslint%2ftypes set size:undefined disposed:false
1273 silly fetch manifest semver@^7.7.3
1274 silly packumentCache full:https://registry.npmjs.org/semver cache-miss
1275 http cache https://registry.npmjs.org/semver 5ms (cache hit)
1276 silly packumentCache full:https://registry.npmjs.org/semver set size:226907 disposed:false
1277 silly fetch manifest minimatch@^9.0.5
1278 silly packumentCache full:https://registry.npmjs.org/minimatch cache-miss
1279 http cache https://registry.npmjs.org/minimatch 3ms (cache hit)
1280 silly packumentCache full:https://registry.npmjs.org/minimatch set size:303959 disposed:false
1281 silly fetch manifest @typescript-eslint/tsconfig-utils@8.53.1
1282 silly packumentCache full:https://registry.npmjs.org/@typescript-eslint%2ftsconfig-utils cache-miss
1283 http fetch GET 200 https://registry.npmjs.org/@typescript-eslint%2ftsconfig-utils 137ms (cache miss)
1284 silly packumentCache full:https://registry.npmjs.org/@typescript-eslint%2ftsconfig-utils set size:undefined disposed:false
1285 silly fetch manifest @typescript-eslint/project-service@8.53.1
1286 silly packumentCache full:https://registry.npmjs.org/@typescript-eslint%2fproject-service cache-miss
1287 http fetch GET 200 https://registry.npmjs.org/@typescript-eslint%2fproject-service 427ms (cache miss)
1288 silly packumentCache full:https://registry.npmjs.org/@typescript-eslint%2fproject-service set size:undefined disposed:false
1289 silly placeDep ROOT @typescript-eslint/scope-manager@8.53.1 OK for: @typescript-eslint/eslint-plugin@8.53.1 want: 8.53.1
1290 silly placeDep ROOT @typescript-eslint/type-utils@8.53.1 OK for: @typescript-eslint/eslint-plugin@8.53.1 want: 8.53.1
1291 silly placeDep ROOT @typescript-eslint/visitor-keys@8.53.1 OK for: @typescript-eslint/eslint-plugin@8.53.1 want: 8.53.1
1292 silly placeDep node_modules/@typescript-eslint/eslint-plugin ignore@7.0.5 OK for: @typescript-eslint/eslint-plugin@8.53.1 want: ^7.0.5
1293 silly placeDep ROOT ts-api-utils@2.4.0 OK for: @typescript-eslint/eslint-plugin@8.53.1 want: ^2.4.0
1294 silly placeDep ROOT @typescript-eslint/types@8.53.1 OK for: @typescript-eslint/parser@8.53.1 want: 8.53.1
1295 silly placeDep ROOT @typescript-eslint/project-service@8.53.1 OK for: @typescript-eslint/typescript-estree@8.53.1 want: 8.53.1
1296 silly placeDep ROOT @typescript-eslint/tsconfig-utils@8.53.1 OK for: @typescript-eslint/typescript-estree@8.53.1 want: 8.53.1
1297 silly placeDep node_modules/@typescript-eslint/typescript-estree minimatch@9.0.5 OK for: @typescript-eslint/typescript-estree@8.53.1 want: ^9.0.5
1298 silly placeDep node_modules/@typescript-eslint/typescript-estree semver@7.7.3 OK for: @typescript-eslint/typescript-estree@8.53.1 want: ^7.7.3
1299 silly placeDep ROOT tinyglobby@0.2.15 OK for: @typescript-eslint/typescript-estree@8.53.1 want: ^0.2.15
1300 silly fetch manifest @typescript-eslint/tsconfig-utils@^8.53.1
1301 silly packumentCache full:https://registry.npmjs.org/@typescript-eslint%2ftsconfig-utils cache-miss
1302 http cache https://registry.npmjs.org/@typescript-eslint%2ftsconfig-utils 28ms (cache hit)
1303 silly packumentCache full:https://registry.npmjs.org/@typescript-eslint%2ftsconfig-utils set size:823201 disposed:false
1304 silly fetch manifest brace-expansion@^2.0.1
1305 silly packumentCache full:https://registry.npmjs.org/brace-expansion cache-miss
1306 http cache https://registry.npmjs.org/brace-expansion 6ms (cache hit)
1307 silly packumentCache full:https://registry.npmjs.org/brace-expansion set size:46250 disposed:false
1308 silly placeDep ROOT fdir@6.5.0 OK for: tinyglobby@0.2.15 want: ^6.5.0
1309 silly placeDep ROOT picomatch@4.0.3 OK for: tinyglobby@0.2.15 want: ^4.0.3
1310 silly placeDep ROOT escalade@3.2.0 OK for: update-browserslist-db@1.2.3 want: ^3.2.0
1311 silly placeDep ROOT punycode@2.3.1 OK for: uri-js@4.4.1 want: ^2.1.0
1312 silly placeDep ROOT @types/d3-array@3.2.2 OK for: victory-vendor@37.3.6 want: ^3.0.3
1313 silly placeDep ROOT @types/d3-ease@3.0.2 OK for: victory-vendor@37.3.6 want: ^3.0.0
1314 silly placeDep ROOT @types/d3-interpolate@3.0.4 OK for: victory-vendor@37.3.6 want: ^3.0.1
1315 silly placeDep ROOT @types/d3-scale@4.0.9 OK for: victory-vendor@37.3.6 want: ^4.0.2
1316 silly placeDep ROOT @types/d3-shape@3.1.8 OK for: victory-vendor@37.3.6 want: ^3.1.0
1317 silly placeDep ROOT @types/d3-time@3.0.4 OK for: victory-vendor@37.3.6 want: ^3.0.0
1318 silly placeDep ROOT @types/d3-timer@3.0.2 OK for: victory-vendor@37.3.6 want: ^3.0.0
1319 silly placeDep ROOT d3-array@3.2.4 OK for: victory-vendor@37.3.6 want: ^3.1.6
1320 silly placeDep ROOT d3-ease@3.0.1 OK for: victory-vendor@37.3.6 want: ^3.0.1
1321 silly placeDep ROOT d3-interpolate@3.0.1 OK for: victory-vendor@37.3.6 want: ^3.0.1
1322 silly placeDep ROOT d3-scale@4.0.2 OK for: victory-vendor@37.3.6 want: ^4.0.2
1323 silly placeDep ROOT d3-shape@3.2.0 OK for: victory-vendor@37.3.6 want: ^3.1.0
1324 silly placeDep ROOT d3-time@3.1.0 OK for: victory-vendor@37.3.6 want: ^3.0.0
1325 silly placeDep ROOT d3-timer@3.0.1 OK for: victory-vendor@37.3.6 want: ^3.0.1
1326 silly fetch manifest @types/d3-color@*
1327 silly packumentCache full:https://registry.npmjs.org/@types%2fd3-color cache-miss
1328 http fetch GET 200 https://registry.npmjs.org/@types%2fd3-color 60ms (cache miss)
1329 silly packumentCache full:https://registry.npmjs.org/@types%2fd3-color set size:undefined disposed:false
1330 silly fetch manifest @types/d3-time@*
1331 silly packumentCache full:https://registry.npmjs.org/@types%2fd3-time cache-miss
1332 http cache https://registry.npmjs.org/@types%2fd3-time 8ms (cache hit)
1333 silly packumentCache full:https://registry.npmjs.org/@types%2fd3-time set size:52652 disposed:false
1334 silly fetch manifest @types/d3-path@*
1335 silly packumentCache full:https://registry.npmjs.org/@types%2fd3-path cache-miss
1336 http fetch GET 200 https://registry.npmjs.org/@types%2fd3-path 104ms (cache miss)
1337 silly packumentCache full:https://registry.npmjs.org/@types%2fd3-path set size:undefined disposed:false
1338 silly fetch manifest internmap@1 - 2
1339 silly packumentCache full:https://registry.npmjs.org/internmap cache-miss
1340 http fetch GET 200 https://registry.npmjs.org/internmap 61ms (cache miss)
1341 silly packumentCache full:https://registry.npmjs.org/internmap set size:undefined disposed:false
1342 silly fetch manifest d3-color@1 - 3
1343 silly packumentCache full:https://registry.npmjs.org/d3-color cache-miss
1344 http fetch GET 200 https://registry.npmjs.org/d3-color 47ms (cache miss)
1345 silly packumentCache full:https://registry.npmjs.org/d3-color set size:undefined disposed:false
1346 silly fetch manifest d3-format@1 - 3
1347 silly packumentCache full:https://registry.npmjs.org/d3-format cache-miss
1348 http fetch GET 200 https://registry.npmjs.org/d3-format 83ms (cache miss)
1349 silly packumentCache full:https://registry.npmjs.org/d3-format set size:undefined disposed:false
1350 silly fetch manifest d3-time@2.1.1 - 3
1351 silly packumentCache full:https://registry.npmjs.org/d3-time cache-miss
1352 http cache https://registry.npmjs.org/d3-time 18ms (cache hit)
1353 silly packumentCache full:https://registry.npmjs.org/d3-time set size:150406 disposed:false
1354 silly fetch manifest d3-time-format@2 - 4
1355 silly packumentCache full:https://registry.npmjs.org/d3-time-format cache-miss
1356 http fetch GET 200 https://registry.npmjs.org/d3-time-format 50ms (cache miss)
1357 silly packumentCache full:https://registry.npmjs.org/d3-time-format set size:undefined disposed:false
1358 silly fetch manifest d3-path@^3.1.0
1359 silly packumentCache full:https://registry.npmjs.org/d3-path cache-miss
1360 http fetch GET 200 https://registry.npmjs.org/d3-path 42ms (cache miss)
1361 silly packumentCache full:https://registry.npmjs.org/d3-path set size:undefined disposed:false
1362 silly placeDep ROOT @types/d3-color@3.1.3 OK for: @types/d3-interpolate@3.0.4 want: *
1363 silly placeDep ROOT @types/d3-path@3.1.1 OK for: @types/d3-shape@3.1.8 want: *
1364 silly placeDep ROOT internmap@2.0.3 OK for: d3-array@3.2.4 want: 1 - 2
1365 silly placeDep ROOT d3-color@3.1.0 OK for: d3-interpolate@3.0.1 want: 1 - 3
1366 silly placeDep ROOT d3-format@3.1.2 OK for: d3-scale@4.0.2 want: 1 - 3
1367 silly placeDep ROOT d3-time-format@4.1.0 OK for: d3-scale@4.0.2 want: 2 - 4
1368 silly placeDep ROOT d3-path@3.1.0 OK for: d3-shape@3.2.0 want: ^3.1.0
1369 silly placeDep ROOT esbuild@0.27.2 OK for: vite@7.3.1 want: ^0.27.0
1370 silly placeDep ROOT fsevents@2.3.3 OK for: vite@7.3.1 want: ~2.3.3
1371 silly placeDep ROOT postcss@8.5.6 OK for: vite@7.3.1 want: ^8.5.6
1372 silly placeDep ROOT rollup@4.55.2 OK for: vite@7.3.1 want: ^4.43.0
1373 silly fetch manifest @esbuild/aix-ppc64@0.27.2
1374 silly packumentCache full:https://registry.npmjs.org/@esbuild%2faix-ppc64 cache-miss
1375 http fetch GET 200 https://registry.npmjs.org/@esbuild%2faix-ppc64 103ms (cache miss)
1376 silly packumentCache full:https://registry.npmjs.org/@esbuild%2faix-ppc64 set size:undefined disposed:false
1377 silly fetch manifest @esbuild/android-arm@0.27.2
1378 silly packumentCache full:https://registry.npmjs.org/@esbuild%2fandroid-arm cache-miss
1379 http fetch GET 200 https://registry.npmjs.org/@esbuild%2fandroid-arm 58ms (cache miss)
1380 silly packumentCache full:https://registry.npmjs.org/@esbuild%2fandroid-arm set size:undefined disposed:false
1381 silly fetch manifest @esbuild/android-arm64@0.27.2
1382 silly packumentCache full:https://registry.npmjs.org/@esbuild%2fandroid-arm64 cache-miss
1383 http fetch GET 200 https://registry.npmjs.org/@esbuild%2fandroid-arm64 295ms (cache miss)
1384 silly packumentCache full:https://registry.npmjs.org/@esbuild%2fandroid-arm64 set size:undefined disposed:false
1385 silly fetch manifest @esbuild/android-x64@0.27.2
1386 silly packumentCache full:https://registry.npmjs.org/@esbuild%2fandroid-x64 cache-miss
1387 http fetch GET 200 https://registry.npmjs.org/@esbuild%2fandroid-x64 82ms (cache miss)
1388 silly packumentCache full:https://registry.npmjs.org/@esbuild%2fandroid-x64 set size:undefined disposed:false
1389 silly fetch manifest @esbuild/darwin-arm64@0.27.2
1390 silly packumentCache full:https://registry.npmjs.org/@esbuild%2fdarwin-arm64 cache-miss
1391 http fetch GET 200 https://registry.npmjs.org/@esbuild%2fdarwin-arm64 108ms (cache miss)
1392 silly packumentCache full:https://registry.npmjs.org/@esbuild%2fdarwin-arm64 set size:undefined disposed:false
1393 silly fetch manifest @esbuild/darwin-x64@0.27.2
1394 silly packumentCache full:https://registry.npmjs.org/@esbuild%2fdarwin-x64 cache-miss
1395 http fetch GET 200 https://registry.npmjs.org/@esbuild%2fdarwin-x64 78ms (cache miss)
1396 silly packumentCache full:https://registry.npmjs.org/@esbuild%2fdarwin-x64 set size:undefined disposed:false
1397 silly fetch manifest @esbuild/freebsd-arm64@0.27.2
1398 silly packumentCache full:https://registry.npmjs.org/@esbuild%2ffreebsd-arm64 cache-miss
1399 http fetch GET 200 https://registry.npmjs.org/@esbuild%2ffreebsd-arm64 86ms (cache miss)
1400 silly packumentCache full:https://registry.npmjs.org/@esbuild%2ffreebsd-arm64 set size:undefined disposed:false
1401 silly fetch manifest @esbuild/freebsd-x64@0.27.2
1402 silly packumentCache full:https://registry.npmjs.org/@esbuild%2ffreebsd-x64 cache-miss
1403 http fetch GET 200 https://registry.npmjs.org/@esbuild%2ffreebsd-x64 123ms (cache miss)
1404 silly packumentCache full:https://registry.npmjs.org/@esbuild%2ffreebsd-x64 set size:undefined disposed:false
1405 silly fetch manifest @esbuild/linux-arm@0.27.2
1406 silly packumentCache full:https://registry.npmjs.org/@esbuild%2flinux-arm cache-miss
1407 http fetch GET 200 https://registry.npmjs.org/@esbuild%2flinux-arm 132ms (cache miss)
1408 silly packumentCache full:https://registry.npmjs.org/@esbuild%2flinux-arm set size:undefined disposed:false
1409 silly fetch manifest @esbuild/linux-arm64@0.27.2
1410 silly packumentCache full:https://registry.npmjs.org/@esbuild%2flinux-arm64 cache-miss
1411 http fetch GET 200 https://registry.npmjs.org/@esbuild%2flinux-arm64 84ms (cache miss)
1412 silly packumentCache full:https://registry.npmjs.org/@esbuild%2flinux-arm64 set size:undefined disposed:false
1413 silly fetch manifest @esbuild/linux-ia32@0.27.2
1414 silly packumentCache full:https://registry.npmjs.org/@esbuild%2flinux-ia32 cache-miss
1415 http fetch GET 200 https://registry.npmjs.org/@esbuild%2flinux-ia32 58ms (cache miss)
1416 silly packumentCache full:https://registry.npmjs.org/@esbuild%2flinux-ia32 set size:undefined disposed:false
1417 silly fetch manifest @esbuild/linux-loong64@0.27.2
1418 silly packumentCache full:https://registry.npmjs.org/@esbuild%2flinux-loong64 cache-miss
1419 http fetch GET 200 https://registry.npmjs.org/@esbuild%2flinux-loong64 135ms (cache miss)
1420 silly packumentCache full:https://registry.npmjs.org/@esbuild%2flinux-loong64 set size:undefined disposed:false
1421 silly fetch manifest @esbuild/linux-mips64el@0.27.2
1422 silly packumentCache full:https://registry.npmjs.org/@esbuild%2flinux-mips64el cache-miss
1423 http fetch GET 200 https://registry.npmjs.org/@esbuild%2flinux-mips64el 78ms (cache miss)
1424 silly packumentCache full:https://registry.npmjs.org/@esbuild%2flinux-mips64el set size:undefined disposed:false
1425 silly fetch manifest @esbuild/linux-ppc64@0.27.2
1426 silly packumentCache full:https://registry.npmjs.org/@esbuild%2flinux-ppc64 cache-miss
1427 http fetch GET 200 https://registry.npmjs.org/@esbuild%2flinux-ppc64 57ms (cache miss)
1428 silly packumentCache full:https://registry.npmjs.org/@esbuild%2flinux-ppc64 set size:undefined disposed:false
1429 silly fetch manifest @esbuild/linux-riscv64@0.27.2
1430 silly packumentCache full:https://registry.npmjs.org/@esbuild%2flinux-riscv64 cache-miss
1431 http fetch GET 200 https://registry.npmjs.org/@esbuild%2flinux-riscv64 66ms (cache miss)
1432 silly packumentCache full:https://registry.npmjs.org/@esbuild%2flinux-riscv64 set size:undefined disposed:false
1433 silly fetch manifest @esbuild/linux-s390x@0.27.2
1434 silly packumentCache full:https://registry.npmjs.org/@esbuild%2flinux-s390x cache-miss
1435 http fetch GET 200 https://registry.npmjs.org/@esbuild%2flinux-s390x 47ms (cache miss)
1436 silly packumentCache full:https://registry.npmjs.org/@esbuild%2flinux-s390x set size:undefined disposed:false
1437 silly fetch manifest @esbuild/linux-x64@0.27.2
1438 silly packumentCache full:https://registry.npmjs.org/@esbuild%2flinux-x64 cache-miss
1439 http fetch GET 200 https://registry.npmjs.org/@esbuild%2flinux-x64 52ms (cache miss)
1440 silly packumentCache full:https://registry.npmjs.org/@esbuild%2flinux-x64 set size:undefined disposed:false
1441 silly fetch manifest @esbuild/netbsd-arm64@0.27.2
1442 silly packumentCache full:https://registry.npmjs.org/@esbuild%2fnetbsd-arm64 cache-miss
1443 http fetch GET 200 https://registry.npmjs.org/@esbuild%2fnetbsd-arm64 55ms (cache miss)
1444 silly packumentCache full:https://registry.npmjs.org/@esbuild%2fnetbsd-arm64 set size:undefined disposed:false
1445 silly fetch manifest @esbuild/netbsd-x64@0.27.2
1446 silly packumentCache full:https://registry.npmjs.org/@esbuild%2fnetbsd-x64 cache-miss
1447 http fetch GET 200 https://registry.npmjs.org/@esbuild%2fnetbsd-x64 52ms (cache miss)
1448 silly packumentCache full:https://registry.npmjs.org/@esbuild%2fnetbsd-x64 set size:undefined disposed:false
1449 silly fetch manifest @esbuild/openbsd-arm64@0.27.2
1450 silly packumentCache full:https://registry.npmjs.org/@esbuild%2fopenbsd-arm64 cache-miss
1451 http fetch GET 200 https://registry.npmjs.org/@esbuild%2fopenbsd-arm64 59ms (cache miss)
1452 silly packumentCache full:https://registry.npmjs.org/@esbuild%2fopenbsd-arm64 set size:undefined disposed:false
1453 silly fetch manifest @esbuild/openbsd-x64@0.27.2
1454 silly packumentCache full:https://registry.npmjs.org/@esbuild%2fopenbsd-x64 cache-miss
1455 http fetch GET 200 https://registry.npmjs.org/@esbuild%2fopenbsd-x64 87ms (cache miss)
1456 silly packumentCache full:https://registry.npmjs.org/@esbuild%2fopenbsd-x64 set size:undefined disposed:false
1457 silly fetch manifest @esbuild/openharmony-arm64@0.27.2
1458 silly packumentCache full:https://registry.npmjs.org/@esbuild%2fopenharmony-arm64 cache-miss
1459 http fetch GET 200 https://registry.npmjs.org/@esbuild%2fopenharmony-arm64 50ms (cache miss)
1460 silly packumentCache full:https://registry.npmjs.org/@esbuild%2fopenharmony-arm64 set size:undefined disposed:false
1461 silly fetch manifest @esbuild/sunos-x64@0.27.2
1462 silly packumentCache full:https://registry.npmjs.org/@esbuild%2fsunos-x64 cache-miss
1463 http fetch GET 200 https://registry.npmjs.org/@esbuild%2fsunos-x64 69ms (cache miss)
1464 silly packumentCache full:https://registry.npmjs.org/@esbuild%2fsunos-x64 set size:undefined disposed:false
1465 silly fetch manifest @esbuild/win32-arm64@0.27.2
1466 silly packumentCache full:https://registry.npmjs.org/@esbuild%2fwin32-arm64 cache-miss
1467 http fetch GET 200 https://registry.npmjs.org/@esbuild%2fwin32-arm64 65ms (cache miss)
1468 silly packumentCache full:https://registry.npmjs.org/@esbuild%2fwin32-arm64 set size:undefined disposed:false
1469 silly fetch manifest @esbuild/win32-ia32@0.27.2
1470 silly packumentCache full:https://registry.npmjs.org/@esbuild%2fwin32-ia32 cache-miss
1471 http fetch GET 200 https://registry.npmjs.org/@esbuild%2fwin32-ia32 73ms (cache miss)
1472 silly packumentCache full:https://registry.npmjs.org/@esbuild%2fwin32-ia32 set size:undefined disposed:false
1473 silly fetch manifest @esbuild/win32-x64@0.27.2
1474 silly packumentCache full:https://registry.npmjs.org/@esbuild%2fwin32-x64 cache-miss
1475 http fetch GET 200 https://registry.npmjs.org/@esbuild%2fwin32-x64 53ms (cache miss)
1476 silly packumentCache full:https://registry.npmjs.org/@esbuild%2fwin32-x64 set size:undefined disposed:false
1477 silly fetch manifest nanoid@^3.3.11
1478 silly packumentCache full:https://registry.npmjs.org/nanoid cache-miss
1479 http fetch GET 200 https://registry.npmjs.org/nanoid 43ms (cache miss)
1480 silly packumentCache full:https://registry.npmjs.org/nanoid set size:undefined disposed:false
1481 silly fetch manifest source-map-js@^1.2.1
1482 silly packumentCache full:https://registry.npmjs.org/source-map-js cache-miss
1483 http fetch GET 200 https://registry.npmjs.org/source-map-js 47ms (cache miss)
1484 silly packumentCache full:https://registry.npmjs.org/source-map-js set size:undefined disposed:false
1485 silly fetch manifest @rollup/rollup-darwin-arm64@4.55.2
1486 silly packumentCache full:https://registry.npmjs.org/@rollup%2frollup-darwin-arm64 cache-miss
1487 http fetch GET 200 https://registry.npmjs.org/@rollup%2frollup-darwin-arm64 77ms (cache miss)
1488 silly packumentCache full:https://registry.npmjs.org/@rollup%2frollup-darwin-arm64 set size:undefined disposed:false
1489 silly fetch manifest @rollup/rollup-android-arm64@4.55.2
1490 silly packumentCache full:https://registry.npmjs.org/@rollup%2frollup-android-arm64 cache-miss
1491 http fetch GET 200 https://registry.npmjs.org/@rollup%2frollup-android-arm64 138ms (cache miss)
1492 silly packumentCache full:https://registry.npmjs.org/@rollup%2frollup-android-arm64 set size:undefined disposed:false
1493 silly fetch manifest @rollup/rollup-win32-arm64-msvc@4.55.2
1494 silly packumentCache full:https://registry.npmjs.org/@rollup%2frollup-win32-arm64-msvc cache-miss
1495 http fetch GET 200 https://registry.npmjs.org/@rollup%2frollup-win32-arm64-msvc 373ms (cache miss)
1496 silly packumentCache full:https://registry.npmjs.org/@rollup%2frollup-win32-arm64-msvc set size:undefined disposed:false
1497 silly fetch manifest @rollup/rollup-freebsd-arm64@4.55.2
1498 silly packumentCache full:https://registry.npmjs.org/@rollup%2frollup-freebsd-arm64 cache-miss
1499 http fetch GET 200 https://registry.npmjs.org/@rollup%2frollup-freebsd-arm64 334ms (cache miss)
1500 silly packumentCache full:https://registry.npmjs.org/@rollup%2frollup-freebsd-arm64 set size:undefined disposed:false
1501 silly fetch manifest @rollup/rollup-linux-arm64-gnu@4.55.2
1502 silly packumentCache full:https://registry.npmjs.org/@rollup%2frollup-linux-arm64-gnu cache-miss
1503 http fetch GET 200 https://registry.npmjs.org/@rollup%2frollup-linux-arm64-gnu 359ms (cache miss)
1504 silly packumentCache full:https://registry.npmjs.org/@rollup%2frollup-linux-arm64-gnu set size:undefined disposed:false
1505 silly fetch manifest @rollup/rollup-linux-arm64-musl@4.55.2
1506 silly packumentCache full:https://registry.npmjs.org/@rollup%2frollup-linux-arm64-musl cache-miss
1507 http fetch GET 200 https://registry.npmjs.org/@rollup%2frollup-linux-arm64-musl 407ms (cache miss)
1508 silly packumentCache full:https://registry.npmjs.org/@rollup%2frollup-linux-arm64-musl set size:undefined disposed:false
1509 silly fetch manifest @rollup/rollup-android-arm-eabi@4.55.2
1510 silly packumentCache full:https://registry.npmjs.org/@rollup%2frollup-android-arm-eabi cache-miss
1511 http fetch GET 200 https://registry.npmjs.org/@rollup%2frollup-android-arm-eabi 161ms (cache miss)
1512 silly packumentCache full:https://registry.npmjs.org/@rollup%2frollup-android-arm-eabi set size:undefined disposed:false
1513 silly fetch manifest @rollup/rollup-linux-arm-gnueabihf@4.55.2
1514 silly packumentCache full:https://registry.npmjs.org/@rollup%2frollup-linux-arm-gnueabihf cache-miss
1515 http fetch GET 200 https://registry.npmjs.org/@rollup%2frollup-linux-arm-gnueabihf 461ms (cache miss)
1516 silly packumentCache full:https://registry.npmjs.org/@rollup%2frollup-linux-arm-gnueabihf set size:undefined disposed:false
1517 silly fetch manifest @rollup/rollup-linux-arm-musleabihf@4.55.2
1518 silly packumentCache full:https://registry.npmjs.org/@rollup%2frollup-linux-arm-musleabihf cache-miss
1519 http fetch GET 200 https://registry.npmjs.org/@rollup%2frollup-linux-arm-musleabihf 475ms (cache miss)
1520 silly packumentCache full:https://registry.npmjs.org/@rollup%2frollup-linux-arm-musleabihf set size:undefined disposed:false
1521 silly fetch manifest @rollup/rollup-win32-ia32-msvc@4.55.2
1522 silly packumentCache full:https://registry.npmjs.org/@rollup%2frollup-win32-ia32-msvc cache-miss
1523 http fetch GET 200 https://registry.npmjs.org/@rollup%2frollup-win32-ia32-msvc 522ms (cache miss)
1524 silly packumentCache full:https://registry.npmjs.org/@rollup%2frollup-win32-ia32-msvc set size:undefined disposed:false
1525 silly fetch manifest @rollup/rollup-linux-loong64-gnu@4.55.2
1526 silly packumentCache full:https://registry.npmjs.org/@rollup%2frollup-linux-loong64-gnu cache-miss
1527 http fetch GET 200 https://registry.npmjs.org/@rollup%2frollup-linux-loong64-gnu 931ms (cache miss)
1528 silly packumentCache full:https://registry.npmjs.org/@rollup%2frollup-linux-loong64-gnu set size:undefined disposed:false
1529 silly fetch manifest @rollup/rollup-linux-loong64-musl@4.55.2
1530 silly packumentCache full:https://registry.npmjs.org/@rollup%2frollup-linux-loong64-musl cache-miss
1531 http fetch GET 200 https://registry.npmjs.org/@rollup%2frollup-linux-loong64-musl 506ms (cache miss)
1532 silly packumentCache full:https://registry.npmjs.org/@rollup%2frollup-linux-loong64-musl set size:undefined disposed:false
1533 silly fetch manifest @rollup/rollup-linux-riscv64-gnu@4.55.2
1534 silly packumentCache full:https://registry.npmjs.org/@rollup%2frollup-linux-riscv64-gnu cache-miss
1535 http fetch GET 200 https://registry.npmjs.org/@rollup%2frollup-linux-riscv64-gnu 458ms (cache miss)
1536 silly packumentCache full:https://registry.npmjs.org/@rollup%2frollup-linux-riscv64-gnu set size:undefined disposed:false
1537 silly fetch manifest @rollup/rollup-linux-riscv64-musl@4.55.2
1538 silly packumentCache full:https://registry.npmjs.org/@rollup%2frollup-linux-riscv64-musl cache-miss
1539 http fetch GET 200 https://registry.npmjs.org/@rollup%2frollup-linux-riscv64-musl 90ms (cache miss)
1540 silly packumentCache full:https://registry.npmjs.org/@rollup%2frollup-linux-riscv64-musl set size:undefined disposed:false
1541 silly fetch manifest @rollup/rollup-linux-ppc64-gnu@4.55.2
1542 silly packumentCache full:https://registry.npmjs.org/@rollup%2frollup-linux-ppc64-gnu cache-miss
1543 http fetch GET 200 https://registry.npmjs.org/@rollup%2frollup-linux-ppc64-gnu 132ms (cache miss)
1544 silly packumentCache full:https://registry.npmjs.org/@rollup%2frollup-linux-ppc64-gnu set size:undefined disposed:false
1545 silly fetch manifest @rollup/rollup-linux-ppc64-musl@4.55.2
1546 silly packumentCache full:https://registry.npmjs.org/@rollup%2frollup-linux-ppc64-musl cache-miss
1547 http fetch GET 200 https://registry.npmjs.org/@rollup%2frollup-linux-ppc64-musl 90ms (cache miss)
1548 silly packumentCache full:https://registry.npmjs.org/@rollup%2frollup-linux-ppc64-musl set size:undefined disposed:false
1549 silly fetch manifest @rollup/rollup-linux-s390x-gnu@4.55.2
1550 silly packumentCache full:https://registry.npmjs.org/@rollup%2frollup-linux-s390x-gnu cache-miss
1551 http fetch GET 200 https://registry.npmjs.org/@rollup%2frollup-linux-s390x-gnu 62ms (cache miss)
1552 silly packumentCache full:https://registry.npmjs.org/@rollup%2frollup-linux-s390x-gnu set size:undefined disposed:false
1553 silly fetch manifest @rollup/rollup-darwin-x64@4.55.2
1554 silly packumentCache full:https://registry.npmjs.org/@rollup%2frollup-darwin-x64 cache-miss
1555 http fetch GET 200 https://registry.npmjs.org/@rollup%2frollup-darwin-x64 93ms (cache miss)
1556 silly packumentCache full:https://registry.npmjs.org/@rollup%2frollup-darwin-x64 set size:undefined disposed:false
1557 silly fetch manifest @rollup/rollup-win32-x64-gnu@4.55.2
1558 silly packumentCache full:https://registry.npmjs.org/@rollup%2frollup-win32-x64-gnu cache-miss
1559 http fetch GET 200 https://registry.npmjs.org/@rollup%2frollup-win32-x64-gnu 82ms (cache miss)
1560 silly packumentCache full:https://registry.npmjs.org/@rollup%2frollup-win32-x64-gnu set size:undefined disposed:false
1561 silly fetch manifest @rollup/rollup-win32-x64-msvc@4.55.2
1562 silly packumentCache full:https://registry.npmjs.org/@rollup%2frollup-win32-x64-msvc cache-miss
1563 http fetch GET 200 https://registry.npmjs.org/@rollup%2frollup-win32-x64-msvc 65ms (cache miss)
1564 silly packumentCache full:https://registry.npmjs.org/@rollup%2frollup-win32-x64-msvc set size:undefined disposed:false
1565 silly fetch manifest @rollup/rollup-freebsd-x64@4.55.2
1566 silly packumentCache full:https://registry.npmjs.org/@rollup%2frollup-freebsd-x64 cache-miss
1567 http fetch GET 200 https://registry.npmjs.org/@rollup%2frollup-freebsd-x64 67ms (cache miss)
1568 silly packumentCache full:https://registry.npmjs.org/@rollup%2frollup-freebsd-x64 set size:undefined disposed:false
1569 silly fetch manifest @rollup/rollup-linux-x64-gnu@4.55.2
1570 silly packumentCache full:https://registry.npmjs.org/@rollup%2frollup-linux-x64-gnu cache-miss
1571 http fetch GET 200 https://registry.npmjs.org/@rollup%2frollup-linux-x64-gnu 84ms (cache miss)
1572 silly packumentCache full:https://registry.npmjs.org/@rollup%2frollup-linux-x64-gnu set size:undefined disposed:false
1573 silly fetch manifest @rollup/rollup-linux-x64-musl@4.55.2
1574 silly packumentCache full:https://registry.npmjs.org/@rollup%2frollup-linux-x64-musl cache-miss
1575 http fetch GET 200 https://registry.npmjs.org/@rollup%2frollup-linux-x64-musl 80ms (cache miss)
1576 silly packumentCache full:https://registry.npmjs.org/@rollup%2frollup-linux-x64-musl set size:undefined disposed:false
1577 silly fetch manifest @rollup/rollup-openbsd-x64@4.55.2
1578 silly packumentCache full:https://registry.npmjs.org/@rollup%2frollup-openbsd-x64 cache-miss
1579 http fetch GET 200 https://registry.npmjs.org/@rollup%2frollup-openbsd-x64 77ms (cache miss)
1580 silly packumentCache full:https://registry.npmjs.org/@rollup%2frollup-openbsd-x64 set size:undefined disposed:false
1581 silly fetch manifest @rollup/rollup-openharmony-arm64@4.55.2
1582 silly packumentCache full:https://registry.npmjs.org/@rollup%2frollup-openharmony-arm64 cache-miss
1583 http fetch GET 200 https://registry.npmjs.org/@rollup%2frollup-openharmony-arm64 146ms (cache miss)
1584 silly packumentCache full:https://registry.npmjs.org/@rollup%2frollup-openharmony-arm64 set size:undefined disposed:false
1585 silly placeDep ROOT @esbuild/aix-ppc64@0.27.2 OK for: esbuild@0.27.2 want: 0.27.2
1586 silly placeDep ROOT @esbuild/android-arm@0.27.2 OK for: esbuild@0.27.2 want: 0.27.2
1587 silly placeDep ROOT @esbuild/android-arm64@0.27.2 OK for: esbuild@0.27.2 want: 0.27.2
1588 silly placeDep ROOT @esbuild/android-x64@0.27.2 OK for: esbuild@0.27.2 want: 0.27.2
1589 silly placeDep ROOT @esbuild/darwin-arm64@0.27.2 OK for: esbuild@0.27.2 want: 0.27.2
1590 silly placeDep ROOT @esbuild/darwin-x64@0.27.2 OK for: esbuild@0.27.2 want: 0.27.2
1591 silly placeDep ROOT @esbuild/freebsd-arm64@0.27.2 OK for: esbuild@0.27.2 want: 0.27.2
1592 silly placeDep ROOT @esbuild/freebsd-x64@0.27.2 OK for: esbuild@0.27.2 want: 0.27.2
1593 silly placeDep ROOT @esbuild/linux-arm@0.27.2 OK for: esbuild@0.27.2 want: 0.27.2
1594 silly placeDep ROOT @esbuild/linux-arm64@0.27.2 OK for: esbuild@0.27.2 want: 0.27.2
1595 silly placeDep ROOT @esbuild/linux-ia32@0.27.2 OK for: esbuild@0.27.2 want: 0.27.2
1596 silly placeDep ROOT @esbuild/linux-loong64@0.27.2 OK for: esbuild@0.27.2 want: 0.27.2
1597 silly placeDep ROOT @esbuild/linux-mips64el@0.27.2 OK for: esbuild@0.27.2 want: 0.27.2
1598 silly placeDep ROOT @esbuild/linux-ppc64@0.27.2 OK for: esbuild@0.27.2 want: 0.27.2
1599 silly placeDep ROOT @esbuild/linux-riscv64@0.27.2 OK for: esbuild@0.27.2 want: 0.27.2
1600 silly placeDep ROOT @esbuild/linux-s390x@0.27.2 OK for: esbuild@0.27.2 want: 0.27.2
1601 silly placeDep ROOT @esbuild/linux-x64@0.27.2 OK for: esbuild@0.27.2 want: 0.27.2
1602 silly placeDep ROOT @esbuild/netbsd-arm64@0.27.2 OK for: esbuild@0.27.2 want: 0.27.2
1603 silly placeDep ROOT @esbuild/netbsd-x64@0.27.2 OK for: esbuild@0.27.2 want: 0.27.2
1604 silly placeDep ROOT @esbuild/openbsd-arm64@0.27.2 OK for: esbuild@0.27.2 want: 0.27.2
1605 silly placeDep ROOT @esbuild/openbsd-x64@0.27.2 OK for: esbuild@0.27.2 want: 0.27.2
1606 silly placeDep ROOT @esbuild/openharmony-arm64@0.27.2 OK for: esbuild@0.27.2 want: 0.27.2
1607 silly placeDep ROOT @esbuild/sunos-x64@0.27.2 OK for: esbuild@0.27.2 want: 0.27.2
1608 silly placeDep ROOT @esbuild/win32-arm64@0.27.2 OK for: esbuild@0.27.2 want: 0.27.2
1609 silly placeDep ROOT @esbuild/win32-ia32@0.27.2 OK for: esbuild@0.27.2 want: 0.27.2
1610 silly placeDep ROOT @esbuild/win32-x64@0.27.2 OK for: esbuild@0.27.2 want: 0.27.2
1611 silly placeDep ROOT nanoid@3.3.11 OK for: postcss@8.5.6 want: ^3.3.11
1612 silly placeDep ROOT source-map-js@1.2.1 OK for: postcss@8.5.6 want: ^1.2.1
1613 silly placeDep ROOT @rollup/rollup-android-arm-eabi@4.55.2 OK for: rollup@4.55.2 want: 4.55.2
1614 silly placeDep ROOT @rollup/rollup-android-arm64@4.55.2 OK for: rollup@4.55.2 want: 4.55.2
1615 silly placeDep ROOT @rollup/rollup-darwin-arm64@4.55.2 OK for: rollup@4.55.2 want: 4.55.2
1616 silly placeDep ROOT @rollup/rollup-darwin-x64@4.55.2 OK for: rollup@4.55.2 want: 4.55.2
1617 silly placeDep ROOT @rollup/rollup-freebsd-arm64@4.55.2 OK for: rollup@4.55.2 want: 4.55.2
1618 silly placeDep ROOT @rollup/rollup-freebsd-x64@4.55.2 OK for: rollup@4.55.2 want: 4.55.2
1619 silly placeDep ROOT @rollup/rollup-linux-arm-gnueabihf@4.55.2 OK for: rollup@4.55.2 want: 4.55.2
1620 silly placeDep ROOT @rollup/rollup-linux-arm-musleabihf@4.55.2 OK for: rollup@4.55.2 want: 4.55.2
1621 silly placeDep ROOT @rollup/rollup-linux-arm64-gnu@4.55.2 OK for: rollup@4.55.2 want: 4.55.2
1622 silly placeDep ROOT @rollup/rollup-linux-arm64-musl@4.55.2 OK for: rollup@4.55.2 want: 4.55.2
1623 silly placeDep ROOT @rollup/rollup-linux-loong64-gnu@4.55.2 OK for: rollup@4.55.2 want: 4.55.2
1624 silly placeDep ROOT @rollup/rollup-linux-loong64-musl@4.55.2 OK for: rollup@4.55.2 want: 4.55.2
1625 silly placeDep ROOT @rollup/rollup-linux-ppc64-gnu@4.55.2 OK for: rollup@4.55.2 want: 4.55.2
1626 silly placeDep ROOT @rollup/rollup-linux-ppc64-musl@4.55.2 OK for: rollup@4.55.2 want: 4.55.2
1627 silly placeDep ROOT @rollup/rollup-linux-riscv64-gnu@4.55.2 OK for: rollup@4.55.2 want: 4.55.2
1628 silly placeDep ROOT @rollup/rollup-linux-riscv64-musl@4.55.2 OK for: rollup@4.55.2 want: 4.55.2
1629 silly placeDep ROOT @rollup/rollup-linux-s390x-gnu@4.55.2 OK for: rollup@4.55.2 want: 4.55.2
1630 silly placeDep ROOT @rollup/rollup-linux-x64-gnu@4.55.2 OK for: rollup@4.55.2 want: 4.55.2
1631 silly placeDep ROOT @rollup/rollup-linux-x64-musl@4.55.2 OK for: rollup@4.55.2 want: 4.55.2
1632 silly placeDep ROOT @rollup/rollup-openbsd-x64@4.55.2 OK for: rollup@4.55.2 want: 4.55.2
1633 silly placeDep ROOT @rollup/rollup-openharmony-arm64@4.55.2 OK for: rollup@4.55.2 want: 4.55.2
1634 silly placeDep ROOT @rollup/rollup-win32-arm64-msvc@4.55.2 OK for: rollup@4.55.2 want: 4.55.2
1635 silly placeDep ROOT @rollup/rollup-win32-ia32-msvc@4.55.2 OK for: rollup@4.55.2 want: 4.55.2
1636 silly placeDep ROOT @rollup/rollup-win32-x64-gnu@4.55.2 OK for: rollup@4.55.2 want: 4.55.2
1637 silly placeDep ROOT @rollup/rollup-win32-x64-msvc@4.55.2 OK for: rollup@4.55.2 want: 4.55.2
1638 silly placeDep ROOT isexe@2.0.0 OK for: which@2.0.2 want: ^2.0.0
1639 silly placeDep node_modules/@typescript-eslint/typescript-estree brace-expansion@2.0.2 OK for: minimatch@9.0.5 want: ^2.0.1
1640 silly reify moves {}
1641 silly audit bulk request {
1641 silly audit   '@eslint/js': [ '9.39.2' ],
1641 silly audit   '@types/node': [ '24.10.9' ],
1641 silly audit   '@types/react': [ '19.2.9' ],
1641 silly audit   '@types/react-dom': [ '19.2.3' ],
1641 silly audit   '@vitejs/plugin-react': [ '5.1.2' ],
1641 silly audit   vite: [ '7.3.1' ],
1641 silly audit   axios: [ '1.13.2' ],
1641 silly audit   eslint: [ '9.39.2' ],
1641 silly audit   'eslint-plugin-react-hooks': [ '7.0.1' ],
1641 silly audit   'eslint-plugin-react-refresh': [ '0.4.26' ],
1641 silly audit   globals: [ '16.5.0', '14.0.0' ],
1641 silly audit   react: [ '19.2.3' ],
1641 silly audit   'react-dom': [ '19.2.3' ],
1641 silly audit   'react-router-dom': [ '7.12.0' ],
1641 silly audit   recharts: [ '3.6.0' ],
1641 silly audit   'react-is': [ '19.2.3' ],
1641 silly audit   typescript: [ '5.9.3' ],
1641 silly audit   'typescript-eslint': [ '8.53.1' ],
1641 silly audit   'undici-types': [ '7.16.0' ],
1641 silly audit   csstype: [ '3.2.3' ],
1641 silly audit   '@babel/core': [ '7.28.6' ],
1641 silly audit   '@babel/plugin-transform-react-jsx-self': [ '7.27.1' ],
1641 silly audit   '@babel/plugin-transform-react-jsx-source': [ '7.27.1' ],
1641 silly audit   '@rolldown/pluginutils': [ '1.0.0-beta.53' ],
1641 silly audit   '@types/babel__core': [ '7.20.5' ],
1641 silly audit   'react-refresh': [ '0.18.0' ],
1641 silly audit   '@babel/code-frame': [ '7.28.6' ],
1641 silly audit   '@babel/generator': [ '7.28.6' ],
1641 silly audit   '@babel/helper-compilation-targets': [ '7.28.6' ],
1641 silly audit   '@babel/helper-module-transforms': [ '7.28.6' ],
1641 silly audit   '@babel/helpers': [ '7.28.6' ],
1641 silly audit   '@babel/parser': [ '7.28.6' ],
1641 silly audit   '@babel/template': [ '7.28.6' ],
1641 silly audit   '@babel/traverse': [ '7.28.6' ],
1641 silly audit   '@babel/types': [ '7.28.6' ],
1641 silly audit   '@jridgewell/remapping': [ '2.3.5' ],
1641 silly audit   'convert-source-map': [ '2.0.0' ],
1641 silly audit   debug: [ '4.4.3' ],
1641 silly audit   gensync: [ '1.0.0-beta.2' ],
1641 silly audit   json5: [ '2.2.3' ],
1641 silly audit   semver: [ '6.3.1', '7.7.3' ],
1641 silly audit   '@babel/helper-validator-identifier': [ '7.28.5' ],
1641 silly audit   'js-tokens': [ '4.0.0' ],
1641 silly audit   picocolors: [ '1.1.1' ],
1641 silly audit   '@jridgewell/gen-mapping': [ '0.3.13' ],
1641 silly audit   '@jridgewell/trace-mapping': [ '0.3.31' ],
1641 silly audit   jsesc: [ '3.1.0' ],
1641 silly audit   '@babel/compat-data': [ '7.28.6' ],
1641 silly audit   '@babel/helper-validator-option': [ '7.27.1' ],
1641 silly audit   browserslist: [ '4.28.1' ],
1641 silly audit   'lru-cache': [ '5.1.1' ],
1641 silly audit   '@babel/helper-module-imports': [ '7.28.6' ],
1641 silly audit   '@babel/helper-plugin-utils': [ '7.28.6' ],
1641 silly audit   '@babel/helper-globals': [ '7.28.0' ],
1641 silly audit   '@babel/helper-string-parser': [ '7.27.1' ],
1641 silly audit   '@jridgewell/sourcemap-codec': [ '1.5.5' ],
1641 silly audit   '@jridgewell/resolve-uri': [ '3.1.2' ],
1641 silly audit   '@types/babel__generator': [ '7.27.0' ],
1641 silly audit   '@types/babel__template': [ '7.4.4' ],
1641 silly audit   '@types/babel__traverse': [ '7.28.0' ],
1641 silly audit   'follow-redirects': [ '1.15.11' ],
1641 silly audit   'form-data': [ '4.0.5' ],
1641 silly audit   'proxy-from-env': [ '1.1.0' ],
1641 silly audit   'baseline-browser-mapping': [ '2.9.16' ],
1641 silly audit   'caniuse-lite': [ '1.0.30001765' ],
1641 silly audit   'electron-to-chromium': [ '1.5.267' ],
1641 silly audit   'node-releases': [ '2.0.27' ],
1641 silly audit   'update-browserslist-db': [ '1.2.3' ],
1641 silly audit   ms: [ '2.1.3' ],
1641 silly audit   '@eslint-community/eslint-utils': [ '4.9.1' ],
1641 silly audit   '@eslint-community/regexpp': [ '4.12.2' ],
1641 silly audit   '@eslint/config-array': [ '0.21.1' ],
1641 silly audit   '@eslint/config-helpers': [ '0.4.2' ],
1641 silly audit   '@eslint/core': [ '0.17.0' ],
1641 silly audit   '@eslint/eslintrc': [ '3.3.3' ],
1641 silly audit   '@eslint/plugin-kit': [ '0.4.1' ],
1641 silly audit   '@humanfs/node': [ '0.16.7' ],
1641 silly audit   '@humanwhocodes/module-importer': [ '1.0.1' ],
1641 silly audit   '@humanwhocodes/retry': [ '0.4.3' ],
1641 silly audit   '@types/estree': [ '1.0.8' ],
1641 silly audit   ajv: [ '6.12.6' ],
1641 silly audit   chalk: [ '4.1.2' ],
1641 silly audit   'cross-spawn': [ '7.0.6' ],
1641 silly audit   'escape-string-regexp': [ '4.0.0' ],
1641 silly audit   'eslint-scope': [ '8.4.0' ],
1641 silly audit   'eslint-visitor-keys': [ '4.2.1', '3.4.3' ],
1641 silly audit   espree: [ '10.4.0' ],
1641 silly audit   esquery: [ '1.7.0' ],
1641 silly audit   esutils: [ '2.0.3' ],
1641 silly audit   'fast-deep-equal': [ '3.1.3' ],
1641 silly audit   'file-entry-cache': [ '8.0.0' ],
1641 silly audit   'find-up': [ '5.0.0' ],
1641 silly audit   'glob-parent': [ '6.0.2' ],
1641 silly audit   ignore: [ '5.3.2', '7.0.5' ],
1641 silly audit   imurmurhash: [ '0.1.4' ],
1641 silly audit   'is-glob': [ '4.0.3' ],
1641 silly audit   'json-stable-stringify-without-jsonify': [ '1.0.1' ],
1641 silly audit   'lodash.merge': [ '4.6.2' ],
1641 silly audit   minimatch: [ '3.1.2', '9.0.5' ],
1641 silly audit   'natural-compare': [ '1.4.0' ],
1641 silly audit   optionator: [ '0.9.4' ],
1641 silly audit   '@eslint/object-schema': [ '2.1.7' ],
1641 silly audit   '@types/json-schema': [ '7.0.15' ],
1641 silly audit   'import-fresh': [ '3.3.1' ],
1641 silly audit   'js-yaml': [ '4.1.1' ],
1641 silly audit   'strip-json-comments': [ '3.1.1' ],
1641 silly audit   levn: [ '0.4.1' ],
1641 silly audit   '@humanfs/core': [ '0.19.1' ],
1641 silly audit   'fast-json-stable-stringify': [ '2.1.0' ],
1641 silly audit   'json-schema-traverse': [ '0.4.1' ],
1641 silly audit   'uri-js': [ '4.4.1' ],
1641 silly audit   'ansi-styles': [ '4.3.0' ],
1641 silly audit   'supports-color': [ '7.2.0' ],
1641 silly audit   'color-convert': [ '2.0.1' ],
1641 silly audit   'color-name': [ '1.1.4' ],
1641 silly audit   'path-key': [ '3.1.1' ],
1641 silly audit   'shebang-command': [ '2.0.0' ],
1641 silly audit   which: [ '2.0.2' ],
1641 silly audit   'hermes-parser': [ '0.25.1' ],
1641 silly audit   zod: [ '4.3.5' ],
1641 silly audit   'zod-validation-error': [ '4.0.2' ],
1641 silly audit   esrecurse: [ '4.3.0' ],
1641 silly audit   estraverse: [ '5.3.0' ],
1641 silly audit   acorn: [ '8.15.0' ],
1641 silly audit   'acorn-jsx': [ '5.3.2' ],
1641 silly audit   'flat-cache': [ '4.0.1' ],
1641 silly audit   'locate-path': [ '6.0.0' ],
1641 silly audit   'path-exists': [ '4.0.0' ],
1641 silly audit   flatted: [ '3.3.3' ],
1641 silly audit   keyv: [ '4.5.4' ],
1641 silly audit   asynckit: [ '0.4.0' ],
1641 silly audit   'combined-stream': [ '1.0.8' ],
1641 silly audit   'es-set-tostringtag': [ '2.1.0' ],
1641 silly audit   hasown: [ '2.0.2' ],
1641 silly audit   'mime-types': [ '2.1.35' ],
1641 silly audit   'delayed-stream': [ '1.0.0' ],
1641 silly audit   'es-errors': [ '1.3.0' ],
1641 silly audit   'get-intrinsic': [ '1.3.0' ],
1641 silly audit   'has-tostringtag': [ '1.0.2' ],
1641 silly audit   'call-bind-apply-helpers': [ '1.0.2' ],
1641 silly audit   'es-define-property': [ '1.0.1' ],
1641 silly audit   'es-object-atoms': [ '1.1.1' ],
1641 silly audit   'function-bind': [ '1.1.2' ],
1641 silly audit   'get-proto': [ '1.0.1' ],
1641 silly audit   gopd: [ '1.2.0' ],
1641 silly audit   'has-symbols': [ '1.1.0' ],
1641 silly audit   'math-intrinsics': [ '1.1.0' ],
1641 silly audit   'dunder-proto': [ '1.0.1' ],
1641 silly audit   'hermes-estree': [ '0.25.1' ],
1641 silly audit   'parent-module': [ '1.0.1' ],
1641 silly audit   'resolve-from': [ '4.0.0' ],
1641 silly audit   'is-extglob': [ '2.1.1' ],
1641 silly audit   argparse: [ '2.0.1' ],
1641 silly audit   'json-buffer': [ '3.0.1' ],
1641 silly audit   'prelude-ls': [ '1.2.1' ],
1641 silly audit   'type-check': [ '0.4.0' ],
1641 silly audit   'p-locate': [ '5.0.0' ],
1641 silly audit   yallist: [ '3.1.1' ],
1641 silly audit   'mime-db': [ '1.52.0' ],
1641 silly audit   'brace-expansion': [ '1.1.12', '2.0.2' ],
1641 silly audit   'balanced-match': [ '1.0.2' ],
1641 silly audit   'concat-map': [ '0.0.1' ],
1641 silly audit   'deep-is': [ '0.1.4' ],
1641 silly audit   'fast-levenshtein': [ '2.0.6' ],
1641 silly audit   'word-wrap': [ '1.2.5' ],
1641 silly audit   'p-limit': [ '3.1.0' ],
1641 silly audit   'yocto-queue': [ '0.1.0' ],
1641 silly audit   callsites: [ '3.1.0' ],
1641 silly audit   scheduler: [ '0.27.0' ],
1641 silly audit   'react-router': [ '7.12.0' ],
1641 silly audit   cookie: [ '1.1.1' ],
1641 silly audit   'set-cookie-parser': [ '2.7.2' ],
1641 silly audit   '@reduxjs/toolkit': [ '2.11.2' ],
1641 silly audit   clsx: [ '2.1.1' ],
1641 silly audit   'decimal.js-light': [ '2.5.1' ],
1641 silly audit   'es-toolkit': [ '1.44.0' ],
1641 silly audit   eventemitter3: [ '5.0.4' ],
1641 silly audit   immer: [ '10.2.0', '11.1.3' ],
1641 silly audit   'react-redux': [ '9.2.0' ],
1641 silly audit   reselect: [ '5.1.1' ],
1641 silly audit   'tiny-invariant': [ '1.3.3' ],
1641 silly audit   'use-sync-external-store': [ '1.6.0' ],
1641 silly audit   'victory-vendor': [ '37.3.6' ],
1641 silly audit   '@standard-schema/spec': [ '1.1.0' ],
1641 silly audit   '@standard-schema/utils': [ '0.3.0' ],
1641 silly audit   redux: [ '5.0.1' ],
1641 silly audit   'redux-thunk': [ '3.1.0' ],
1641 silly audit   '@types/use-sync-external-store': [ '0.0.6' ],
1641 silly audit   'shebang-regex': [ '3.0.0' ],
1641 silly audit   'has-flag': [ '4.0.0' ],
1641 silly audit   '@typescript-eslint/eslint-plugin': [ '8.53.1' ],
1641 silly audit   '@typescript-eslint/parser': [ '8.53.1' ],
1641 silly audit   '@typescript-eslint/typescript-estree': [ '8.53.1' ],
1641 silly audit   '@typescript-eslint/utils': [ '8.53.1' ],
1641 silly audit   '@typescript-eslint/scope-manager': [ '8.53.1' ],
1641 silly audit   '@typescript-eslint/type-utils': [ '8.53.1' ],
1641 silly audit   '@typescript-eslint/visitor-keys': [ '8.53.1' ],
1641 silly audit   'ts-api-utils': [ '2.4.0' ],
1641 silly audit   '@typescript-eslint/types': [ '8.53.1' ],
1641 silly audit   '@typescript-eslint/project-service': [ '8.53.1' ],
1641 silly audit   '@typescript-eslint/tsconfig-utils': [ '8.53.1' ],
1641 silly audit   tinyglobby: [ '0.2.15' ],
1641 silly audit   fdir: [ '6.5.0' ],
1641 silly audit   picomatch: [ '4.0.3' ],
1641 silly audit   escalade: [ '3.2.0' ],
1641 silly audit   punycode: [ '2.3.1' ],
1641 silly audit   '@types/d3-array': [ '3.2.2' ],
1641 silly audit   '@types/d3-ease': [ '3.0.2' ],
1641 silly audit   '@types/d3-interpolate': [ '3.0.4' ],
1641 silly audit   '@types/d3-scale': [ '4.0.9' ],
1641 silly audit   '@types/d3-shape': [ '3.1.8' ],
1641 silly audit   '@types/d3-time': [ '3.0.4' ],
1641 silly audit   '@types/d3-timer': [ '3.0.2' ],
1641 silly audit   'd3-array': [ '3.2.4' ],
1641 silly audit   'd3-ease': [ '3.0.1' ],
1641 silly audit   'd3-interpolate': [ '3.0.1' ],
1641 silly audit   'd3-scale': [ '4.0.2' ],
1641 silly audit   'd3-shape': [ '3.2.0' ],
1641 silly audit   'd3-time': [ '3.1.0' ],
1641 silly audit   'd3-timer': [ '3.0.1' ],
1641 silly audit   '@types/d3-color': [ '3.1.3' ],
1641 silly audit   '@types/d3-path': [ '3.1.1' ],
1641 silly audit   internmap: [ '2.0.3' ],
1641 silly audit   'd3-color': [ '3.1.0' ],
1641 silly audit   'd3-format': [ '3.1.2' ],
1641 silly audit   'd3-time-format': [ '4.1.0' ],
1641 silly audit   'd3-path': [ '3.1.0' ],
1641 silly audit   esbuild: [ '0.27.2' ],
1641 silly audit   fsevents: [ '2.3.3' ],
1641 silly audit   postcss: [ '8.5.6' ],
1641 silly audit   rollup: [ '4.55.2' ],
1641 silly audit   '@esbuild/aix-ppc64': [ '0.27.2' ],
1641 silly audit   '@esbuild/android-arm': [ '0.27.2' ],
1641 silly audit   '@esbuild/android-arm64': [ '0.27.2' ],
1641 silly audit   '@esbuild/android-x64': [ '0.27.2' ],
1641 silly audit   '@esbuild/darwin-arm64': [ '0.27.2' ],
1641 silly audit   '@esbuild/darwin-x64': [ '0.27.2' ],
1641 silly audit   '@esbuild/freebsd-arm64': [ '0.27.2' ],
1641 silly audit   '@esbuild/freebsd-x64': [ '0.27.2' ],
1641 silly audit   '@esbuild/linux-arm': [ '0.27.2' ],
1641 silly audit   '@esbuild/linux-arm64': [ '0.27.2' ],
1641 silly audit   '@esbuild/linux-ia32': [ '0.27.2' ],
1641 silly audit   '@esbuild/linux-loong64': [ '0.27.2' ],
1641 silly audit   '@esbuild/linux-mips64el': [ '0.27.2' ],
1641 silly audit   '@esbuild/linux-ppc64': [ '0.27.2' ],
1641 silly audit   '@esbuild/linux-riscv64': [ '0.27.2' ],
1641 silly audit   '@esbuild/linux-s390x': [ '0.27.2' ],
1641 silly audit   '@esbuild/linux-x64': [ '0.27.2' ],
1641 silly audit   '@esbuild/netbsd-arm64': [ '0.27.2' ],
1641 silly audit   '@esbuild/netbsd-x64': [ '0.27.2' ],
1641 silly audit   '@esbuild/openbsd-arm64': [ '0.27.2' ],
1641 silly audit   '@esbuild/openbsd-x64': [ '0.27.2' ],
1641 silly audit   '@esbuild/openharmony-arm64': [ '0.27.2' ],
1641 silly audit   '@esbuild/sunos-x64': [ '0.27.2' ],
1641 silly audit   '@esbuild/win32-arm64': [ '0.27.2' ],
1641 silly audit   '@esbuild/win32-ia32': [ '0.27.2' ],
1641 silly audit   '@esbuild/win32-x64': [ '0.27.2' ],
1641 silly audit   nanoid: [ '3.3.11' ],
1641 silly audit   'source-map-js': [ '1.2.1' ],
1641 silly audit   '@rollup/rollup-android-arm-eabi': [ '4.55.2' ],
1641 silly audit   '@rollup/rollup-android-arm64': [ '4.55.2' ],
1641 silly audit   '@rollup/rollup-darwin-arm64': [ '4.55.2' ],
1641 silly audit   '@rollup/rollup-darwin-x64': [ '4.55.2' ],
1641 silly audit   '@rollup/rollup-freebsd-arm64': [ '4.55.2' ],
1641 silly audit   '@rollup/rollup-freebsd-x64': [ '4.55.2' ],
1641 silly audit   '@rollup/rollup-linux-arm-gnueabihf': [ '4.55.2' ],
1641 silly audit   '@rollup/rollup-linux-arm-musleabihf': [ '4.55.2' ],
1641 silly audit   '@rollup/rollup-linux-arm64-gnu': [ '4.55.2' ],
1641 silly audit   '@rollup/rollup-linux-arm64-musl': [ '4.55.2' ],
1641 silly audit   '@rollup/rollup-linux-loong64-gnu': [ '4.55.2' ],
1641 silly audit   '@rollup/rollup-linux-loong64-musl': [ '4.55.2' ],
1641 silly audit   '@rollup/rollup-linux-ppc64-gnu': [ '4.55.2' ],
1641 silly audit   '@rollup/rollup-linux-ppc64-musl': [ '4.55.2' ],
1641 silly audit   '@rollup/rollup-linux-riscv64-gnu': [ '4.55.2' ],
1641 silly audit   '@rollup/rollup-linux-riscv64-musl': [ '4.55.2' ],
1641 silly audit   '@rollup/rollup-linux-s390x-gnu': [ '4.55.2' ],
1641 silly audit   '@rollup/rollup-linux-x64-gnu': [ '4.55.2' ],
1641 silly audit   '@rollup/rollup-linux-x64-musl': [ '4.55.2' ],
1641 silly audit   '@rollup/rollup-openbsd-x64': [ '4.55.2' ],
1641 silly audit   '@rollup/rollup-openharmony-arm64': [ '4.55.2' ],
1641 silly audit   '@rollup/rollup-win32-arm64-msvc': [ '4.55.2' ],
1641 silly audit   '@rollup/rollup-win32-ia32-msvc': [ '4.55.2' ],
1641 silly audit   '@rollup/rollup-win32-x64-gnu': [ '4.55.2' ],
1641 silly audit   '@rollup/rollup-win32-x64-msvc': [ '4.55.2' ],
1641 silly audit   isexe: [ '2.0.0' ]
1641 silly audit }
1642 verbose reify failed optional dependency /opt/mos/frontend/node_modules/@rollup/rollup-win32-x64-msvc
1643 silly reify mark deleted [ '/opt/mos/frontend/node_modules/@rollup/rollup-win32-x64-msvc' ]
1644 verbose reify failed optional dependency /opt/mos/frontend/node_modules/@rollup/rollup-win32-x64-gnu
1645 silly reify mark deleted [ '/opt/mos/frontend/node_modules/@rollup/rollup-win32-x64-gnu' ]
1646 verbose reify failed optional dependency /opt/mos/frontend/node_modules/@rollup/rollup-win32-ia32-msvc
1647 silly reify mark deleted [ '/opt/mos/frontend/node_modules/@rollup/rollup-win32-ia32-msvc' ]
1648 verbose reify failed optional dependency /opt/mos/frontend/node_modules/@rollup/rollup-win32-arm64-msvc
1649 silly reify mark deleted [ '/opt/mos/frontend/node_modules/@rollup/rollup-win32-arm64-msvc' ]
1650 verbose reify failed optional dependency /opt/mos/frontend/node_modules/@rollup/rollup-openharmony-arm64
1651 silly reify mark deleted [ '/opt/mos/frontend/node_modules/@rollup/rollup-openharmony-arm64' ]
1652 verbose reify failed optional dependency /opt/mos/frontend/node_modules/@rollup/rollup-openbsd-x64
1653 silly reify mark deleted [ '/opt/mos/frontend/node_modules/@rollup/rollup-openbsd-x64' ]
1654 verbose reify failed optional dependency /opt/mos/frontend/node_modules/@rollup/rollup-linux-x64-musl
1655 silly reify mark deleted [ '/opt/mos/frontend/node_modules/@rollup/rollup-linux-x64-musl' ]
1656 verbose reify failed optional dependency /opt/mos/frontend/node_modules/@rollup/rollup-linux-s390x-gnu
1657 silly reify mark deleted [ '/opt/mos/frontend/node_modules/@rollup/rollup-linux-s390x-gnu' ]
1658 verbose reify failed optional dependency /opt/mos/frontend/node_modules/@rollup/rollup-linux-riscv64-musl
1659 silly reify mark deleted [ '/opt/mos/frontend/node_modules/@rollup/rollup-linux-riscv64-musl' ]
1660 verbose reify failed optional dependency /opt/mos/frontend/node_modules/@rollup/rollup-linux-riscv64-gnu
1661 silly reify mark deleted [ '/opt/mos/frontend/node_modules/@rollup/rollup-linux-riscv64-gnu' ]
1662 verbose reify failed optional dependency /opt/mos/frontend/node_modules/@rollup/rollup-linux-ppc64-musl
1663 silly reify mark deleted [ '/opt/mos/frontend/node_modules/@rollup/rollup-linux-ppc64-musl' ]
1664 verbose reify failed optional dependency /opt/mos/frontend/node_modules/@rollup/rollup-linux-ppc64-gnu
1665 silly reify mark deleted [ '/opt/mos/frontend/node_modules/@rollup/rollup-linux-ppc64-gnu' ]
1666 verbose reify failed optional dependency /opt/mos/frontend/node_modules/@rollup/rollup-linux-loong64-musl
1667 silly reify mark deleted [ '/opt/mos/frontend/node_modules/@rollup/rollup-linux-loong64-musl' ]
1668 verbose reify failed optional dependency /opt/mos/frontend/node_modules/@rollup/rollup-linux-loong64-gnu
1669 silly reify mark deleted [ '/opt/mos/frontend/node_modules/@rollup/rollup-linux-loong64-gnu' ]
1670 verbose reify failed optional dependency /opt/mos/frontend/node_modules/@rollup/rollup-linux-arm64-musl
1671 silly reify mark deleted [ '/opt/mos/frontend/node_modules/@rollup/rollup-linux-arm64-musl' ]
1672 verbose reify failed optional dependency /opt/mos/frontend/node_modules/@rollup/rollup-linux-arm64-gnu
1673 silly reify mark deleted [ '/opt/mos/frontend/node_modules/@rollup/rollup-linux-arm64-gnu' ]
1674 verbose reify failed optional dependency /opt/mos/frontend/node_modules/@rollup/rollup-linux-arm-musleabihf
1675 silly reify mark deleted [
1675 silly reify   '/opt/mos/frontend/node_modules/@rollup/rollup-linux-arm-musleabihf'
1675 silly reify ]
1676 verbose reify failed optional dependency /opt/mos/frontend/node_modules/@rollup/rollup-linux-arm-gnueabihf
1677 silly reify mark deleted [ '/opt/mos/frontend/node_modules/@rollup/rollup-linux-arm-gnueabihf' ]
1678 verbose reify failed optional dependency /opt/mos/frontend/node_modules/@rollup/rollup-freebsd-x64
1679 silly reify mark deleted [ '/opt/mos/frontend/node_modules/@rollup/rollup-freebsd-x64' ]
1680 verbose reify failed optional dependency /opt/mos/frontend/node_modules/@rollup/rollup-freebsd-arm64
1681 silly reify mark deleted [ '/opt/mos/frontend/node_modules/@rollup/rollup-freebsd-arm64' ]
1682 verbose reify failed optional dependency /opt/mos/frontend/node_modules/@rollup/rollup-darwin-x64
1683 silly reify mark deleted [ '/opt/mos/frontend/node_modules/@rollup/rollup-darwin-x64' ]
1684 verbose reify failed optional dependency /opt/mos/frontend/node_modules/@rollup/rollup-darwin-arm64
1685 silly reify mark deleted [ '/opt/mos/frontend/node_modules/@rollup/rollup-darwin-arm64' ]
1686 verbose reify failed optional dependency /opt/mos/frontend/node_modules/@rollup/rollup-android-arm64
1687 silly reify mark deleted [ '/opt/mos/frontend/node_modules/@rollup/rollup-android-arm64' ]
1688 verbose reify failed optional dependency /opt/mos/frontend/node_modules/@rollup/rollup-android-arm-eabi
1689 silly reify mark deleted [ '/opt/mos/frontend/node_modules/@rollup/rollup-android-arm-eabi' ]
1690 verbose reify failed optional dependency /opt/mos/frontend/node_modules/@esbuild/win32-x64
1691 silly reify mark deleted [ '/opt/mos/frontend/node_modules/@esbuild/win32-x64' ]
1692 verbose reify failed optional dependency /opt/mos/frontend/node_modules/@esbuild/win32-ia32
1693 silly reify mark deleted [ '/opt/mos/frontend/node_modules/@esbuild/win32-ia32' ]
1694 verbose reify failed optional dependency /opt/mos/frontend/node_modules/@esbuild/win32-arm64
1695 silly reify mark deleted [ '/opt/mos/frontend/node_modules/@esbuild/win32-arm64' ]
1696 verbose reify failed optional dependency /opt/mos/frontend/node_modules/@esbuild/sunos-x64
1697 silly reify mark deleted [ '/opt/mos/frontend/node_modules/@esbuild/sunos-x64' ]
1698 verbose reify failed optional dependency /opt/mos/frontend/node_modules/@esbuild/openharmony-arm64
1699 silly reify mark deleted [ '/opt/mos/frontend/node_modules/@esbuild/openharmony-arm64' ]
1700 verbose reify failed optional dependency /opt/mos/frontend/node_modules/@esbuild/openbsd-x64
1701 silly reify mark deleted [ '/opt/mos/frontend/node_modules/@esbuild/openbsd-x64' ]
1702 verbose reify failed optional dependency /opt/mos/frontend/node_modules/@esbuild/openbsd-arm64
1703 silly reify mark deleted [ '/opt/mos/frontend/node_modules/@esbuild/openbsd-arm64' ]
1704 verbose reify failed optional dependency /opt/mos/frontend/node_modules/@esbuild/netbsd-x64
1705 silly reify mark deleted [ '/opt/mos/frontend/node_modules/@esbuild/netbsd-x64' ]
1706 verbose reify failed optional dependency /opt/mos/frontend/node_modules/@esbuild/netbsd-arm64
1707 silly reify mark deleted [ '/opt/mos/frontend/node_modules/@esbuild/netbsd-arm64' ]
1708 verbose reify failed optional dependency /opt/mos/frontend/node_modules/@esbuild/linux-s390x
1709 silly reify mark deleted [ '/opt/mos/frontend/node_modules/@esbuild/linux-s390x' ]
1710 verbose reify failed optional dependency /opt/mos/frontend/node_modules/@esbuild/linux-riscv64
1711 silly reify mark deleted [ '/opt/mos/frontend/node_modules/@esbuild/linux-riscv64' ]
1712 verbose reify failed optional dependency /opt/mos/frontend/node_modules/@esbuild/linux-ppc64
1713 silly reify mark deleted [ '/opt/mos/frontend/node_modules/@esbuild/linux-ppc64' ]
1714 verbose reify failed optional dependency /opt/mos/frontend/node_modules/@esbuild/linux-mips64el
1715 silly reify mark deleted [ '/opt/mos/frontend/node_modules/@esbuild/linux-mips64el' ]
1716 verbose reify failed optional dependency /opt/mos/frontend/node_modules/@esbuild/linux-loong64
1717 silly reify mark deleted [ '/opt/mos/frontend/node_modules/@esbuild/linux-loong64' ]
1718 verbose reify failed optional dependency /opt/mos/frontend/node_modules/@esbuild/linux-ia32
1719 silly reify mark deleted [ '/opt/mos/frontend/node_modules/@esbuild/linux-ia32' ]
1720 verbose reify failed optional dependency /opt/mos/frontend/node_modules/@esbuild/linux-arm64
1721 silly reify mark deleted [ '/opt/mos/frontend/node_modules/@esbuild/linux-arm64' ]
1722 verbose reify failed optional dependency /opt/mos/frontend/node_modules/@esbuild/linux-arm
1723 silly reify mark deleted [ '/opt/mos/frontend/node_modules/@esbuild/linux-arm' ]
1724 verbose reify failed optional dependency /opt/mos/frontend/node_modules/@esbuild/freebsd-x64
1725 silly reify mark deleted [ '/opt/mos/frontend/node_modules/@esbuild/freebsd-x64' ]
1726 verbose reify failed optional dependency /opt/mos/frontend/node_modules/@esbuild/freebsd-arm64
1727 silly reify mark deleted [ '/opt/mos/frontend/node_modules/@esbuild/freebsd-arm64' ]
1728 verbose reify failed optional dependency /opt/mos/frontend/node_modules/@esbuild/darwin-x64
1729 silly reify mark deleted [ '/opt/mos/frontend/node_modules/@esbuild/darwin-x64' ]
1730 verbose reify failed optional dependency /opt/mos/frontend/node_modules/@esbuild/darwin-arm64
1731 silly reify mark deleted [ '/opt/mos/frontend/node_modules/@esbuild/darwin-arm64' ]
1732 verbose reify failed optional dependency /opt/mos/frontend/node_modules/@esbuild/android-x64
1733 silly reify mark deleted [ '/opt/mos/frontend/node_modules/@esbuild/android-x64' ]
1734 verbose reify failed optional dependency /opt/mos/frontend/node_modules/@esbuild/android-arm64
1735 silly reify mark deleted [ '/opt/mos/frontend/node_modules/@esbuild/android-arm64' ]
1736 verbose reify failed optional dependency /opt/mos/frontend/node_modules/@esbuild/android-arm
1737 silly reify mark deleted [ '/opt/mos/frontend/node_modules/@esbuild/android-arm' ]
1738 verbose reify failed optional dependency /opt/mos/frontend/node_modules/@esbuild/aix-ppc64
1739 silly reify mark deleted [ '/opt/mos/frontend/node_modules/@esbuild/aix-ppc64' ]
1740 verbose reify failed optional dependency /opt/mos/frontend/node_modules/fsevents
1741 silly reify mark deleted [ '/opt/mos/frontend/node_modules/fsevents' ]
1742 http cache isexe@https://registry.npmjs.org/isexe/-/isexe-2.0.0.tgz 0ms (cache hit)
1743 http cache @rollup/rollup-linux-x64-gnu@https://registry.npmjs.org/@rollup/rollup-linux-x64-gnu/-/rollup-linux-x64-gnu-4.55.2.tgz 0ms (cache hit)
1744 http cache source-map-js@https://registry.npmjs.org/source-map-js/-/source-map-js-1.2.1.tgz 0ms (cache hit)
1745 http cache nanoid@https://registry.npmjs.org/nanoid/-/nanoid-3.3.11.tgz 0ms (cache hit)
1746 http cache @esbuild/linux-x64@https://registry.npmjs.org/@esbuild/linux-x64/-/linux-x64-0.27.2.tgz 0ms (cache hit)
1747 http cache rollup@https://registry.npmjs.org/rollup/-/rollup-4.55.2.tgz 0ms (cache hit)
1748 http cache postcss@https://registry.npmjs.org/postcss/-/postcss-8.5.6.tgz 0ms (cache hit)
1749 http cache esbuild@https://registry.npmjs.org/esbuild/-/esbuild-0.27.2.tgz 0ms (cache hit)
1750 http cache d3-path@https://registry.npmjs.org/d3-path/-/d3-path-3.1.0.tgz 0ms (cache hit)
1751 http cache d3-time-format@https://registry.npmjs.org/d3-time-format/-/d3-time-format-4.1.0.tgz 0ms (cache hit)
1752 http cache d3-format@https://registry.npmjs.org/d3-format/-/d3-format-3.1.2.tgz 0ms (cache hit)
1753 http cache d3-color@https://registry.npmjs.org/d3-color/-/d3-color-3.1.0.tgz 0ms (cache hit)
1754 http cache internmap@https://registry.npmjs.org/internmap/-/internmap-2.0.3.tgz 0ms (cache hit)
1755 http cache @types/d3-path@https://registry.npmjs.org/@types/d3-path/-/d3-path-3.1.1.tgz 0ms (cache hit)
1756 http cache @types/d3-color@https://registry.npmjs.org/@types/d3-color/-/d3-color-3.1.3.tgz 0ms (cache hit)
1757 http cache d3-timer@https://registry.npmjs.org/d3-timer/-/d3-timer-3.0.1.tgz 0ms (cache hit)
1758 http cache d3-time@https://registry.npmjs.org/d3-time/-/d3-time-3.1.0.tgz 0ms (cache hit)
1759 http cache d3-shape@https://registry.npmjs.org/d3-shape/-/d3-shape-3.2.0.tgz 0ms (cache hit)
1760 http cache d3-scale@https://registry.npmjs.org/d3-scale/-/d3-scale-4.0.2.tgz 0ms (cache hit)
1761 http cache d3-interpolate@https://registry.npmjs.org/d3-interpolate/-/d3-interpolate-3.0.1.tgz 0ms (cache hit)
1762 http cache d3-ease@https://registry.npmjs.org/d3-ease/-/d3-ease-3.0.1.tgz 0ms (cache hit)
1763 http cache d3-array@https://registry.npmjs.org/d3-array/-/d3-array-3.2.4.tgz 0ms (cache hit)
1764 http cache @types/d3-timer@https://registry.npmjs.org/@types/d3-timer/-/d3-timer-3.0.2.tgz 0ms (cache hit)
1765 http cache @types/d3-time@https://registry.npmjs.org/@types/d3-time/-/d3-time-3.0.4.tgz 0ms (cache hit)
1766 http cache @types/d3-shape@https://registry.npmjs.org/@types/d3-shape/-/d3-shape-3.1.8.tgz 0ms (cache hit)
1767 http cache @types/d3-scale@https://registry.npmjs.org/@types/d3-scale/-/d3-scale-4.0.9.tgz 0ms (cache hit)
1768 http cache @types/d3-interpolate@https://registry.npmjs.org/@types/d3-interpolate/-/d3-interpolate-3.0.4.tgz 0ms (cache hit)
1769 http cache @types/d3-ease@https://registry.npmjs.org/@types/d3-ease/-/d3-ease-3.0.2.tgz 0ms (cache hit)
1770 http cache punycode@https://registry.npmjs.org/punycode/-/punycode-2.3.1.tgz 0ms (cache hit)
1771 http cache @types/d3-array@https://registry.npmjs.org/@types/d3-array/-/d3-array-3.2.2.tgz 0ms (cache hit)
1772 http cache escalade@https://registry.npmjs.org/escalade/-/escalade-3.2.0.tgz 0ms (cache hit)
1773 http cache picomatch@https://registry.npmjs.org/picomatch/-/picomatch-4.0.3.tgz 0ms (cache hit)
1774 http cache fdir@https://registry.npmjs.org/fdir/-/fdir-6.5.0.tgz 0ms (cache hit)
1775 http cache tinyglobby@https://registry.npmjs.org/tinyglobby/-/tinyglobby-0.2.15.tgz 0ms (cache hit)
1776 http cache @typescript-eslint/tsconfig-utils@https://registry.npmjs.org/@typescript-eslint/tsconfig-utils/-/tsconfig-utils-8.53.1.tgz 0ms (cache hit)
1777 http cache @typescript-eslint/project-service@https://registry.npmjs.org/@typescript-eslint/project-service/-/project-service-8.53.1.tgz 0ms (cache hit)
1778 http cache @typescript-eslint/types@https://registry.npmjs.org/@typescript-eslint/types/-/types-8.53.1.tgz 0ms (cache hit)
1779 http cache ts-api-utils@https://registry.npmjs.org/ts-api-utils/-/ts-api-utils-2.4.0.tgz 0ms (cache hit)
1780 http cache @typescript-eslint/visitor-keys@https://registry.npmjs.org/@typescript-eslint/visitor-keys/-/visitor-keys-8.53.1.tgz 0ms (cache hit)
1781 http cache @typescript-eslint/type-utils@https://registry.npmjs.org/@typescript-eslint/type-utils/-/type-utils-8.53.1.tgz 0ms (cache hit)
1782 http cache @typescript-eslint/scope-manager@https://registry.npmjs.org/@typescript-eslint/scope-manager/-/scope-manager-8.53.1.tgz 0ms (cache hit)
1783 http cache @typescript-eslint/utils@https://registry.npmjs.org/@typescript-eslint/utils/-/utils-8.53.1.tgz 0ms (cache hit)
1784 http cache @typescript-eslint/typescript-estree@https://registry.npmjs.org/@typescript-eslint/typescript-estree/-/typescript-estree-8.53.1.tgz 0ms (cache hit)
1785 http cache @typescript-eslint/parser@https://registry.npmjs.org/@typescript-eslint/parser/-/parser-8.53.1.tgz 0ms (cache hit)
1786 http cache @typescript-eslint/eslint-plugin@https://registry.npmjs.org/@typescript-eslint/eslint-plugin/-/eslint-plugin-8.53.1.tgz 0ms (cache hit)
1787 http cache has-flag@https://registry.npmjs.org/has-flag/-/has-flag-4.0.0.tgz 0ms (cache hit)
1788 http cache shebang-regex@https://registry.npmjs.org/shebang-regex/-/shebang-regex-3.0.0.tgz 0ms (cache hit)
1789 http cache @types/use-sync-external-store@https://registry.npmjs.org/@types/use-sync-external-store/-/use-sync-external-store-0.0.6.tgz 0ms (cache hit)
1790 http cache redux-thunk@https://registry.npmjs.org/redux-thunk/-/redux-thunk-3.1.0.tgz 0ms (cache hit)
1791 http cache redux@https://registry.npmjs.org/redux/-/redux-5.0.1.tgz 0ms (cache hit)
1792 http cache @standard-schema/utils@https://registry.npmjs.org/@standard-schema/utils/-/utils-0.3.0.tgz 0ms (cache hit)
1793 http cache @standard-schema/spec@https://registry.npmjs.org/@standard-schema/spec/-/spec-1.1.0.tgz 1ms (cache hit)
1794 http cache victory-vendor@https://registry.npmjs.org/victory-vendor/-/victory-vendor-37.3.6.tgz 0ms (cache hit)
1795 http cache use-sync-external-store@https://registry.npmjs.org/use-sync-external-store/-/use-sync-external-store-1.6.0.tgz 0ms (cache hit)
1796 http cache tiny-invariant@https://registry.npmjs.org/tiny-invariant/-/tiny-invariant-1.3.3.tgz 0ms (cache hit)
1797 http cache reselect@https://registry.npmjs.org/reselect/-/reselect-5.1.1.tgz 0ms (cache hit)
1798 http cache react-redux@https://registry.npmjs.org/react-redux/-/react-redux-9.2.0.tgz 0ms (cache hit)
1799 http cache immer@https://registry.npmjs.org/immer/-/immer-10.2.0.tgz 0ms (cache hit)
1800 http cache eventemitter3@https://registry.npmjs.org/eventemitter3/-/eventemitter3-5.0.4.tgz 0ms (cache hit)
1801 http cache es-toolkit@https://registry.npmjs.org/es-toolkit/-/es-toolkit-1.44.0.tgz 0ms (cache hit)
1802 http cache decimal.js-light@https://registry.npmjs.org/decimal.js-light/-/decimal.js-light-2.5.1.tgz 0ms (cache hit)
1803 http cache clsx@https://registry.npmjs.org/clsx/-/clsx-2.1.1.tgz 0ms (cache hit)
1804 http cache @reduxjs/toolkit@https://registry.npmjs.org/@reduxjs/toolkit/-/toolkit-2.11.2.tgz 0ms (cache hit)
1805 http cache set-cookie-parser@https://registry.npmjs.org/set-cookie-parser/-/set-cookie-parser-2.7.2.tgz 0ms (cache hit)
1806 http cache cookie@https://registry.npmjs.org/cookie/-/cookie-1.1.1.tgz 0ms (cache hit)
1807 http cache react-router@https://registry.npmjs.org/react-router/-/react-router-7.12.0.tgz 0ms (cache hit)
1808 http cache scheduler@https://registry.npmjs.org/scheduler/-/scheduler-0.27.0.tgz 0ms (cache hit)
1809 http cache callsites@https://registry.npmjs.org/callsites/-/callsites-3.1.0.tgz 0ms (cache hit)
1810 http cache yocto-queue@https://registry.npmjs.org/yocto-queue/-/yocto-queue-0.1.0.tgz 0ms (cache hit)
1811 http cache p-limit@https://registry.npmjs.org/p-limit/-/p-limit-3.1.0.tgz 0ms (cache hit)
1812 http cache word-wrap@https://registry.npmjs.org/word-wrap/-/word-wrap-1.2.5.tgz 0ms (cache hit)
1813 http cache fast-levenshtein@https://registry.npmjs.org/fast-levenshtein/-/fast-levenshtein-2.0.6.tgz 0ms (cache hit)
1814 http cache deep-is@https://registry.npmjs.org/deep-is/-/deep-is-0.1.4.tgz 0ms (cache hit)
1815 http cache concat-map@https://registry.npmjs.org/concat-map/-/concat-map-0.0.1.tgz 0ms (cache hit)
1816 http cache balanced-match@https://registry.npmjs.org/balanced-match/-/balanced-match-1.0.2.tgz 0ms (cache hit)
1817 http cache brace-expansion@https://registry.npmjs.org/brace-expansion/-/brace-expansion-1.1.12.tgz 0ms (cache hit)
1818 http cache mime-db@https://registry.npmjs.org/mime-db/-/mime-db-1.52.0.tgz 0ms (cache hit)
1819 http cache yallist@https://registry.npmjs.org/yallist/-/yallist-3.1.1.tgz 0ms (cache hit)
1820 http cache p-locate@https://registry.npmjs.org/p-locate/-/p-locate-5.0.0.tgz 0ms (cache hit)
1821 http cache type-check@https://registry.npmjs.org/type-check/-/type-check-0.4.0.tgz 0ms (cache hit)
1822 http cache prelude-ls@https://registry.npmjs.org/prelude-ls/-/prelude-ls-1.2.1.tgz 0ms (cache hit)
1823 http cache json-buffer@https://registry.npmjs.org/json-buffer/-/json-buffer-3.0.1.tgz 0ms (cache hit)
1824 http cache is-extglob@https://registry.npmjs.org/is-extglob/-/is-extglob-2.1.1.tgz 0ms (cache hit)
1825 http cache argparse@https://registry.npmjs.org/argparse/-/argparse-2.0.1.tgz 0ms (cache hit)
1826 http cache resolve-from@https://registry.npmjs.org/resolve-from/-/resolve-from-4.0.0.tgz 0ms (cache hit)
1827 http cache parent-module@https://registry.npmjs.org/parent-module/-/parent-module-1.0.1.tgz 0ms (cache hit)
1828 http cache hermes-estree@https://registry.npmjs.org/hermes-estree/-/hermes-estree-0.25.1.tgz 0ms (cache hit)
1829 http cache dunder-proto@https://registry.npmjs.org/dunder-proto/-/dunder-proto-1.0.1.tgz 0ms (cache hit)
1830 http cache math-intrinsics@https://registry.npmjs.org/math-intrinsics/-/math-intrinsics-1.1.0.tgz 0ms (cache hit)
1831 http cache has-symbols@https://registry.npmjs.org/has-symbols/-/has-symbols-1.1.0.tgz 0ms (cache hit)
1832 http cache gopd@https://registry.npmjs.org/gopd/-/gopd-1.2.0.tgz 0ms (cache hit)
1833 http cache get-proto@https://registry.npmjs.org/get-proto/-/get-proto-1.0.1.tgz 0ms (cache hit)
1834 http cache function-bind@https://registry.npmjs.org/function-bind/-/function-bind-1.1.2.tgz 0ms (cache hit)
1835 http cache es-object-atoms@https://registry.npmjs.org/es-object-atoms/-/es-object-atoms-1.1.1.tgz 0ms (cache hit)
1836 http cache es-define-property@https://registry.npmjs.org/es-define-property/-/es-define-property-1.0.1.tgz 0ms (cache hit)
1837 http cache call-bind-apply-helpers@https://registry.npmjs.org/call-bind-apply-helpers/-/call-bind-apply-helpers-1.0.2.tgz 0ms (cache hit)
1838 http cache has-tostringtag@https://registry.npmjs.org/has-tostringtag/-/has-tostringtag-1.0.2.tgz 0ms (cache hit)
1839 http cache get-intrinsic@https://registry.npmjs.org/get-intrinsic/-/get-intrinsic-1.3.0.tgz 0ms (cache hit)
1840 http cache es-errors@https://registry.npmjs.org/es-errors/-/es-errors-1.3.0.tgz 0ms (cache hit)
1841 http cache delayed-stream@https://registry.npmjs.org/delayed-stream/-/delayed-stream-1.0.0.tgz 0ms (cache hit)
1842 http cache mime-types@https://registry.npmjs.org/mime-types/-/mime-types-2.1.35.tgz 0ms (cache hit)
1843 http cache hasown@https://registry.npmjs.org/hasown/-/hasown-2.0.2.tgz 0ms (cache hit)
1844 http cache es-set-tostringtag@https://registry.npmjs.org/es-set-tostringtag/-/es-set-tostringtag-2.1.0.tgz 0ms (cache hit)
1845 http cache combined-stream@https://registry.npmjs.org/combined-stream/-/combined-stream-1.0.8.tgz 0ms (cache hit)
1846 http cache asynckit@https://registry.npmjs.org/asynckit/-/asynckit-0.4.0.tgz 0ms (cache hit)
1847 http cache keyv@https://registry.npmjs.org/keyv/-/keyv-4.5.4.tgz 0ms (cache hit)
1848 http cache flatted@https://registry.npmjs.org/flatted/-/flatted-3.3.3.tgz 0ms (cache hit)
1849 http cache path-exists@https://registry.npmjs.org/path-exists/-/path-exists-4.0.0.tgz 0ms (cache hit)
1850 http cache locate-path@https://registry.npmjs.org/locate-path/-/locate-path-6.0.0.tgz 0ms (cache hit)
1851 http cache flat-cache@https://registry.npmjs.org/flat-cache/-/flat-cache-4.0.1.tgz 0ms (cache hit)
1852 http cache acorn-jsx@https://registry.npmjs.org/acorn-jsx/-/acorn-jsx-5.3.2.tgz 0ms (cache hit)
1853 http cache acorn@https://registry.npmjs.org/acorn/-/acorn-8.15.0.tgz 0ms (cache hit)
1854 http cache estraverse@https://registry.npmjs.org/estraverse/-/estraverse-5.3.0.tgz 0ms (cache hit)
1855 http cache esrecurse@https://registry.npmjs.org/esrecurse/-/esrecurse-4.3.0.tgz 1ms (cache hit)
1856 http cache zod-validation-error@https://registry.npmjs.org/zod-validation-error/-/zod-validation-error-4.0.2.tgz 0ms (cache hit)
1857 http cache zod@https://registry.npmjs.org/zod/-/zod-4.3.5.tgz 0ms (cache hit)
1858 http cache hermes-parser@https://registry.npmjs.org/hermes-parser/-/hermes-parser-0.25.1.tgz 0ms (cache hit)
1859 http cache which@https://registry.npmjs.org/which/-/which-2.0.2.tgz 0ms (cache hit)
1860 http cache shebang-command@https://registry.npmjs.org/shebang-command/-/shebang-command-2.0.0.tgz 0ms (cache hit)
1861 http cache path-key@https://registry.npmjs.org/path-key/-/path-key-3.1.1.tgz 0ms (cache hit)
1862 http cache color-name@https://registry.npmjs.org/color-name/-/color-name-1.1.4.tgz 0ms (cache hit)
1863 http cache color-convert@https://registry.npmjs.org/color-convert/-/color-convert-2.0.1.tgz 0ms (cache hit)
1864 http cache supports-color@https://registry.npmjs.org/supports-color/-/supports-color-7.2.0.tgz 0ms (cache hit)
1865 http cache ansi-styles@https://registry.npmjs.org/ansi-styles/-/ansi-styles-4.3.0.tgz 0ms (cache hit)
1866 http cache uri-js@https://registry.npmjs.org/uri-js/-/uri-js-4.4.1.tgz 0ms (cache hit)
1867 http cache json-schema-traverse@https://registry.npmjs.org/json-schema-traverse/-/json-schema-traverse-0.4.1.tgz 0ms (cache hit)
1868 http cache fast-json-stable-stringify@https://registry.npmjs.org/fast-json-stable-stringify/-/fast-json-stable-stringify-2.1.0.tgz 0ms (cache hit)
1869 http cache @humanfs/core@https://registry.npmjs.org/@humanfs/core/-/core-0.19.1.tgz 0ms (cache hit)
1870 http cache levn@https://registry.npmjs.org/levn/-/levn-0.4.1.tgz 0ms (cache hit)
1871 http cache js-yaml@https://registry.npmjs.org/js-yaml/-/js-yaml-4.1.1.tgz 0ms (cache hit)
1872 http cache strip-json-comments@https://registry.npmjs.org/strip-json-comments/-/strip-json-comments-3.1.1.tgz 0ms (cache hit)
1873 http cache import-fresh@https://registry.npmjs.org/import-fresh/-/import-fresh-3.3.1.tgz 0ms (cache hit)
1874 http cache @types/json-schema@https://registry.npmjs.org/@types/json-schema/-/json-schema-7.0.15.tgz 0ms (cache hit)
1875 http cache @eslint/object-schema@https://registry.npmjs.org/@eslint/object-schema/-/object-schema-2.1.7.tgz 0ms (cache hit)
1876 http cache optionator@https://registry.npmjs.org/optionator/-/optionator-0.9.4.tgz 0ms (cache hit)
1877 http cache natural-compare@https://registry.npmjs.org/natural-compare/-/natural-compare-1.4.0.tgz 0ms (cache hit)
1878 http cache minimatch@https://registry.npmjs.org/minimatch/-/minimatch-3.1.2.tgz 0ms (cache hit)
1879 http cache lodash.merge@https://registry.npmjs.org/lodash.merge/-/lodash.merge-4.6.2.tgz 0ms (cache hit)
1880 http cache json-stable-stringify-without-jsonify@https://registry.npmjs.org/json-stable-stringify-without-jsonify/-/json-stable-stringify-without-jsonify-1.0.1.tgz 0ms (cache hit)
1881 http cache is-glob@https://registry.npmjs.org/is-glob/-/is-glob-4.0.3.tgz 0ms (cache hit)
1882 http cache imurmurhash@https://registry.npmjs.org/imurmurhash/-/imurmurhash-0.1.4.tgz 0ms (cache hit)
1883 http cache ignore@https://registry.npmjs.org/ignore/-/ignore-5.3.2.tgz 0ms (cache hit)
1884 http cache find-up@https://registry.npmjs.org/find-up/-/find-up-5.0.0.tgz 0ms (cache hit)
1885 http cache glob-parent@https://registry.npmjs.org/glob-parent/-/glob-parent-6.0.2.tgz 0ms (cache hit)
1886 http cache fast-deep-equal@https://registry.npmjs.org/fast-deep-equal/-/fast-deep-equal-3.1.3.tgz 0ms (cache hit)
1887 http cache file-entry-cache@https://registry.npmjs.org/file-entry-cache/-/file-entry-cache-8.0.0.tgz 0ms (cache hit)
1888 http cache esutils@https://registry.npmjs.org/esutils/-/esutils-2.0.3.tgz 0ms (cache hit)
1889 http cache esquery@https://registry.npmjs.org/esquery/-/esquery-1.7.0.tgz 0ms (cache hit)
1890 http cache espree@https://registry.npmjs.org/espree/-/espree-10.4.0.tgz 0ms (cache hit)
1891 http cache eslint-visitor-keys@https://registry.npmjs.org/eslint-visitor-keys/-/eslint-visitor-keys-4.2.1.tgz 0ms (cache hit)
1892 http cache eslint-scope@https://registry.npmjs.org/eslint-scope/-/eslint-scope-8.4.0.tgz 0ms (cache hit)
1893 http cache escape-string-regexp@https://registry.npmjs.org/escape-string-regexp/-/escape-string-regexp-4.0.0.tgz 0ms (cache hit)
1894 http cache cross-spawn@https://registry.npmjs.org/cross-spawn/-/cross-spawn-7.0.6.tgz 0ms (cache hit)
1895 http cache chalk@https://registry.npmjs.org/chalk/-/chalk-4.1.2.tgz 0ms (cache hit)
1896 http cache ajv@https://registry.npmjs.org/ajv/-/ajv-6.12.6.tgz 0ms (cache hit)
1897 http cache @types/estree@https://registry.npmjs.org/@types/estree/-/estree-1.0.8.tgz 0ms (cache hit)
1898 http cache @humanwhocodes/retry@https://registry.npmjs.org/@humanwhocodes/retry/-/retry-0.4.3.tgz 0ms (cache hit)
1899 http cache @humanwhocodes/module-importer@https://registry.npmjs.org/@humanwhocodes/module-importer/-/module-importer-1.0.1.tgz 0ms (cache hit)
1900 http cache @humanfs/node@https://registry.npmjs.org/@humanfs/node/-/node-0.16.7.tgz 0ms (cache hit)
1901 http cache @eslint/plugin-kit@https://registry.npmjs.org/@eslint/plugin-kit/-/plugin-kit-0.4.1.tgz 0ms (cache hit)
1902 http cache @eslint/eslintrc@https://registry.npmjs.org/@eslint/eslintrc/-/eslintrc-3.3.3.tgz 0ms (cache hit)
1903 http cache @eslint/core@https://registry.npmjs.org/@eslint/core/-/core-0.17.0.tgz 0ms (cache hit)
1904 http cache @eslint/config-helpers@https://registry.npmjs.org/@eslint/config-helpers/-/config-helpers-0.4.2.tgz 0ms (cache hit)
1905 http cache @eslint/config-array@https://registry.npmjs.org/@eslint/config-array/-/config-array-0.21.1.tgz 0ms (cache hit)
1906 http cache @eslint-community/regexpp@https://registry.npmjs.org/@eslint-community/regexpp/-/regexpp-4.12.2.tgz 0ms (cache hit)
1907 http cache @eslint-community/eslint-utils@https://registry.npmjs.org/@eslint-community/eslint-utils/-/eslint-utils-4.9.1.tgz 0ms (cache hit)
1908 http cache ms@https://registry.npmjs.org/ms/-/ms-2.1.3.tgz 0ms (cache hit)
1909 http cache update-browserslist-db@https://registry.npmjs.org/update-browserslist-db/-/update-browserslist-db-1.2.3.tgz 0ms (cache hit)
1910 http cache node-releases@https://registry.npmjs.org/node-releases/-/node-releases-2.0.27.tgz 0ms (cache hit)
1911 http cache electron-to-chromium@https://registry.npmjs.org/electron-to-chromium/-/electron-to-chromium-1.5.267.tgz 0ms (cache hit)
1912 http cache caniuse-lite@https://registry.npmjs.org/caniuse-lite/-/caniuse-lite-1.0.30001765.tgz 0ms (cache hit)
1913 http cache baseline-browser-mapping@https://registry.npmjs.org/baseline-browser-mapping/-/baseline-browser-mapping-2.9.16.tgz 0ms (cache hit)
1914 http cache proxy-from-env@https://registry.npmjs.org/proxy-from-env/-/proxy-from-env-1.1.0.tgz 0ms (cache hit)
1915 http cache form-data@https://registry.npmjs.org/form-data/-/form-data-4.0.5.tgz 0ms (cache hit)
1916 http cache follow-redirects@https://registry.npmjs.org/follow-redirects/-/follow-redirects-1.15.11.tgz 0ms (cache hit)
1917 http cache @types/babel__traverse@https://registry.npmjs.org/@types/babel__traverse/-/babel__traverse-7.28.0.tgz 0ms (cache hit)
1918 http cache @types/babel__template@https://registry.npmjs.org/@types/babel__template/-/babel__template-7.4.4.tgz 0ms (cache hit)
1919 http cache @types/babel__generator@https://registry.npmjs.org/@types/babel__generator/-/babel__generator-7.27.0.tgz 0ms (cache hit)
1920 http cache @jridgewell/resolve-uri@https://registry.npmjs.org/@jridgewell/resolve-uri/-/resolve-uri-3.1.2.tgz 0ms (cache hit)
1921 http cache @jridgewell/sourcemap-codec@https://registry.npmjs.org/@jridgewell/sourcemap-codec/-/sourcemap-codec-1.5.5.tgz 0ms (cache hit)
1922 http cache @babel/helper-string-parser@https://registry.npmjs.org/@babel/helper-string-parser/-/helper-string-parser-7.27.1.tgz 0ms (cache hit)
1923 http cache @babel/helper-globals@https://registry.npmjs.org/@babel/helper-globals/-/helper-globals-7.28.0.tgz 0ms (cache hit)
1924 http cache @babel/helper-plugin-utils@https://registry.npmjs.org/@babel/helper-plugin-utils/-/helper-plugin-utils-7.28.6.tgz 0ms (cache hit)
1925 http cache @babel/helper-module-imports@https://registry.npmjs.org/@babel/helper-module-imports/-/helper-module-imports-7.28.6.tgz 0ms (cache hit)
1926 http cache lru-cache@https://registry.npmjs.org/lru-cache/-/lru-cache-5.1.1.tgz 0ms (cache hit)
1927 http cache browserslist@https://registry.npmjs.org/browserslist/-/browserslist-4.28.1.tgz 0ms (cache hit)
1928 http cache @babel/helper-validator-option@https://registry.npmjs.org/@babel/helper-validator-option/-/helper-validator-option-7.27.1.tgz 0ms (cache hit)
1929 http cache @babel/compat-data@https://registry.npmjs.org/@babel/compat-data/-/compat-data-7.28.6.tgz 0ms (cache hit)
1930 http cache jsesc@https://registry.npmjs.org/jsesc/-/jsesc-3.1.0.tgz 0ms (cache hit)
1931 http cache @jridgewell/trace-mapping@https://registry.npmjs.org/@jridgewell/trace-mapping/-/trace-mapping-0.3.31.tgz 0ms (cache hit)
1932 http cache @jridgewell/gen-mapping@https://registry.npmjs.org/@jridgewell/gen-mapping/-/gen-mapping-0.3.13.tgz 0ms (cache hit)
1933 http cache picocolors@https://registry.npmjs.org/picocolors/-/picocolors-1.1.1.tgz 0ms (cache hit)
1934 http cache js-tokens@https://registry.npmjs.org/js-tokens/-/js-tokens-4.0.0.tgz 0ms (cache hit)
1935 http cache @babel/helper-validator-identifier@https://registry.npmjs.org/@babel/helper-validator-identifier/-/helper-validator-identifier-7.28.5.tgz 0ms (cache hit)
1936 http cache semver@https://registry.npmjs.org/semver/-/semver-6.3.1.tgz 0ms (cache hit)
1937 http cache json5@https://registry.npmjs.org/json5/-/json5-2.2.3.tgz 0ms (cache hit)
1938 http cache gensync@https://registry.npmjs.org/gensync/-/gensync-1.0.0-beta.2.tgz 0ms (cache hit)
1939 http cache debug@https://registry.npmjs.org/debug/-/debug-4.4.3.tgz 0ms (cache hit)
1940 http cache convert-source-map@https://registry.npmjs.org/convert-source-map/-/convert-source-map-2.0.0.tgz 0ms (cache hit)
1941 http cache @jridgewell/remapping@https://registry.npmjs.org/@jridgewell/remapping/-/remapping-2.3.5.tgz 0ms (cache hit)
1942 http cache @babel/types@https://registry.npmjs.org/@babel/types/-/types-7.28.6.tgz 0ms (cache hit)
1943 http cache @babel/traverse@https://registry.npmjs.org/@babel/traverse/-/traverse-7.28.6.tgz 0ms (cache hit)
1944 http cache @babel/template@https://registry.npmjs.org/@babel/template/-/template-7.28.6.tgz 0ms (cache hit)
1945 http cache @babel/parser@https://registry.npmjs.org/@babel/parser/-/parser-7.28.6.tgz 0ms (cache hit)
1946 http cache @babel/helper-module-transforms@https://registry.npmjs.org/@babel/helper-module-transforms/-/helper-module-transforms-7.28.6.tgz 0ms (cache hit)
1947 http cache @babel/helpers@https://registry.npmjs.org/@babel/helpers/-/helpers-7.28.6.tgz 0ms (cache hit)
1948 http cache @babel/helper-compilation-targets@https://registry.npmjs.org/@babel/helper-compilation-targets/-/helper-compilation-targets-7.28.6.tgz 0ms (cache hit)
1949 http cache @babel/generator@https://registry.npmjs.org/@babel/generator/-/generator-7.28.6.tgz 0ms (cache hit)
1950 http cache @babel/code-frame@https://registry.npmjs.org/@babel/code-frame/-/code-frame-7.28.6.tgz 0ms (cache hit)
1951 http cache react-refresh@https://registry.npmjs.org/react-refresh/-/react-refresh-0.18.0.tgz 0ms (cache hit)
1952 http cache @types/babel__core@https://registry.npmjs.org/@types/babel__core/-/babel__core-7.20.5.tgz 0ms (cache hit)
1953 http cache @rolldown/pluginutils@https://registry.npmjs.org/@rolldown/pluginutils/-/pluginutils-1.0.0-beta.53.tgz 0ms (cache hit)
1954 http cache @babel/plugin-transform-react-jsx-source@https://registry.npmjs.org/@babel/plugin-transform-react-jsx-source/-/plugin-transform-react-jsx-source-7.27.1.tgz 0ms (cache hit)
1955 http cache @babel/plugin-transform-react-jsx-self@https://registry.npmjs.org/@babel/plugin-transform-react-jsx-self/-/plugin-transform-react-jsx-self-7.27.1.tgz 0ms (cache hit)
1956 http cache @babel/core@https://registry.npmjs.org/@babel/core/-/core-7.28.6.tgz 0ms (cache hit)
1957 http cache csstype@https://registry.npmjs.org/csstype/-/csstype-3.2.3.tgz 0ms (cache hit)
1958 http cache undici-types@https://registry.npmjs.org/undici-types/-/undici-types-7.16.0.tgz 0ms (cache hit)
1959 http cache typescript-eslint@https://registry.npmjs.org/typescript-eslint/-/typescript-eslint-8.53.1.tgz 0ms (cache hit)
1960 http cache typescript@https://registry.npmjs.org/typescript/-/typescript-5.9.3.tgz 0ms (cache hit)
1961 http cache react-is@https://registry.npmjs.org/react-is/-/react-is-19.2.3.tgz 0ms (cache hit)
1962 http cache recharts@https://registry.npmjs.org/recharts/-/recharts-3.6.0.tgz 0ms (cache hit)
1963 http cache react-router-dom@https://registry.npmjs.org/react-router-dom/-/react-router-dom-7.12.0.tgz 0ms (cache hit)
1964 http cache react-dom@https://registry.npmjs.org/react-dom/-/react-dom-19.2.3.tgz 0ms (cache hit)
1965 http cache react@https://registry.npmjs.org/react/-/react-19.2.3.tgz 0ms (cache hit)
1966 http cache globals@https://registry.npmjs.org/globals/-/globals-16.5.0.tgz 0ms (cache hit)
1967 http cache eslint-plugin-react-refresh@https://registry.npmjs.org/eslint-plugin-react-refresh/-/eslint-plugin-react-refresh-0.4.26.tgz 0ms (cache hit)
1968 http cache eslint-plugin-react-hooks@https://registry.npmjs.org/eslint-plugin-react-hooks/-/eslint-plugin-react-hooks-7.0.1.tgz 0ms (cache hit)
1969 http cache eslint@https://registry.npmjs.org/eslint/-/eslint-9.39.2.tgz 0ms (cache hit)
1970 http cache axios@https://registry.npmjs.org/axios/-/axios-1.13.2.tgz 0ms (cache hit)
1971 http cache vite@https://registry.npmjs.org/vite/-/vite-7.3.1.tgz 0ms (cache hit)
1972 http cache @vitejs/plugin-react@https://registry.npmjs.org/@vitejs/plugin-react/-/plugin-react-5.1.2.tgz 0ms (cache hit)
1973 http cache @types/react-dom@https://registry.npmjs.org/@types/react-dom/-/react-dom-19.2.3.tgz 0ms (cache hit)
1974 http cache @types/react@https://registry.npmjs.org/@types/react/-/react-19.2.9.tgz 0ms (cache hit)
1975 http cache @types/node@https://registry.npmjs.org/@types/node/-/node-24.10.9.tgz 0ms (cache hit)
1976 http cache @eslint/js@https://registry.npmjs.org/@eslint/js/-/js-9.39.2.tgz 0ms (cache hit)
1977 http cache semver@https://registry.npmjs.org/semver/-/semver-7.7.3.tgz 0ms (cache hit)
1978 http cache brace-expansion@https://registry.npmjs.org/brace-expansion/-/brace-expansion-2.0.2.tgz 0ms (cache hit)
1979 http cache minimatch@https://registry.npmjs.org/minimatch/-/minimatch-9.0.5.tgz 0ms (cache hit)
1980 http cache ignore@https://registry.npmjs.org/ignore/-/ignore-7.0.5.tgz 0ms (cache hit)
1981 http cache immer@https://registry.npmjs.org/immer/-/immer-11.1.3.tgz 0ms (cache hit)
1982 http cache globals@https://registry.npmjs.org/globals/-/globals-14.0.0.tgz 0ms (cache hit)
1983 http cache eslint-visitor-keys@https://registry.npmjs.org/eslint-visitor-keys/-/eslint-visitor-keys-3.4.3.tgz 0ms (cache hit)
1984 silly tarball no local data for isexe@https://registry.npmjs.org/isexe/-/isexe-2.0.0.tgz. Extracting by manifest.
1985 silly tarball no local data for @rollup/rollup-linux-x64-gnu@https://registry.npmjs.org/@rollup/rollup-linux-x64-gnu/-/rollup-linux-x64-gnu-4.55.2.tgz. Extracting by manifest.
1986 silly tarball no local data for source-map-js@https://registry.npmjs.org/source-map-js/-/source-map-js-1.2.1.tgz. Extracting by manifest.
1987 silly tarball no local data for nanoid@https://registry.npmjs.org/nanoid/-/nanoid-3.3.11.tgz. Extracting by manifest.
1988 silly tarball no local data for rollup@https://registry.npmjs.org/rollup/-/rollup-4.55.2.tgz. Extracting by manifest.
1989 silly tarball no local data for postcss@https://registry.npmjs.org/postcss/-/postcss-8.5.6.tgz. Extracting by manifest.
1990 silly tarball no local data for esbuild@https://registry.npmjs.org/esbuild/-/esbuild-0.27.2.tgz. Extracting by manifest.
1991 silly tarball no local data for d3-path@https://registry.npmjs.org/d3-path/-/d3-path-3.1.0.tgz. Extracting by manifest.
1992 silly tarball no local data for d3-time-format@https://registry.npmjs.org/d3-time-format/-/d3-time-format-4.1.0.tgz. Extracting by manifest.
1993 silly tarball no local data for d3-format@https://registry.npmjs.org/d3-format/-/d3-format-3.1.2.tgz. Extracting by manifest.
1994 silly tarball no local data for d3-color@https://registry.npmjs.org/d3-color/-/d3-color-3.1.0.tgz. Extracting by manifest.
1995 silly tarball no local data for internmap@https://registry.npmjs.org/internmap/-/internmap-2.0.3.tgz. Extracting by manifest.
1996 silly tarball no local data for @types/d3-path@https://registry.npmjs.org/@types/d3-path/-/d3-path-3.1.1.tgz. Extracting by manifest.
1997 silly tarball no local data for @types/d3-color@https://registry.npmjs.org/@types/d3-color/-/d3-color-3.1.3.tgz. Extracting by manifest.
1998 silly tarball no local data for d3-timer@https://registry.npmjs.org/d3-timer/-/d3-timer-3.0.1.tgz. Extracting by manifest.
1999 silly tarball no local data for d3-time@https://registry.npmjs.org/d3-time/-/d3-time-3.1.0.tgz. Extracting by manifest.
2000 silly tarball no local data for d3-shape@https://registry.npmjs.org/d3-shape/-/d3-shape-3.2.0.tgz. Extracting by manifest.
2001 silly tarball no local data for d3-scale@https://registry.npmjs.org/d3-scale/-/d3-scale-4.0.2.tgz. Extracting by manifest.
2002 silly tarball no local data for d3-interpolate@https://registry.npmjs.org/d3-interpolate/-/d3-interpolate-3.0.1.tgz. Extracting by manifest.
2003 silly tarball no local data for d3-ease@https://registry.npmjs.org/d3-ease/-/d3-ease-3.0.1.tgz. Extracting by manifest.
2004 silly tarball no local data for d3-array@https://registry.npmjs.org/d3-array/-/d3-array-3.2.4.tgz. Extracting by manifest.
2005 silly tarball no local data for @types/d3-timer@https://registry.npmjs.org/@types/d3-timer/-/d3-timer-3.0.2.tgz. Extracting by manifest.
2006 silly tarball no local data for @types/d3-time@https://registry.npmjs.org/@types/d3-time/-/d3-time-3.0.4.tgz. Extracting by manifest.
2007 silly tarball no local data for @types/d3-shape@https://registry.npmjs.org/@types/d3-shape/-/d3-shape-3.1.8.tgz. Extracting by manifest.
2008 silly tarball no local data for @types/d3-scale@https://registry.npmjs.org/@types/d3-scale/-/d3-scale-4.0.9.tgz. Extracting by manifest.
2009 silly tarball no local data for @types/d3-interpolate@https://registry.npmjs.org/@types/d3-interpolate/-/d3-interpolate-3.0.4.tgz. Extracting by manifest.
2010 silly tarball no local data for @types/d3-ease@https://registry.npmjs.org/@types/d3-ease/-/d3-ease-3.0.2.tgz. Extracting by manifest.
2011 silly tarball no local data for punycode@https://registry.npmjs.org/punycode/-/punycode-2.3.1.tgz. Extracting by manifest.
2012 silly tarball no local data for @types/d3-array@https://registry.npmjs.org/@types/d3-array/-/d3-array-3.2.2.tgz. Extracting by manifest.
2013 silly tarball no local data for escalade@https://registry.npmjs.org/escalade/-/escalade-3.2.0.tgz. Extracting by manifest.
2014 silly tarball no local data for picomatch@https://registry.npmjs.org/picomatch/-/picomatch-4.0.3.tgz. Extracting by manifest.
2015 silly tarball no local data for fdir@https://registry.npmjs.org/fdir/-/fdir-6.5.0.tgz. Extracting by manifest.
2016 silly tarball no local data for tinyglobby@https://registry.npmjs.org/tinyglobby/-/tinyglobby-0.2.15.tgz. Extracting by manifest.
2017 silly tarball no local data for @typescript-eslint/tsconfig-utils@https://registry.npmjs.org/@typescript-eslint/tsconfig-utils/-/tsconfig-utils-8.53.1.tgz. Extracting by manifest.
2018 silly tarball no local data for @typescript-eslint/project-service@https://registry.npmjs.org/@typescript-eslint/project-service/-/project-service-8.53.1.tgz. Extracting by manifest.
2019 silly tarball no local data for @typescript-eslint/types@https://registry.npmjs.org/@typescript-eslint/types/-/types-8.53.1.tgz. Extracting by manifest.
2020 silly tarball no local data for ts-api-utils@https://registry.npmjs.org/ts-api-utils/-/ts-api-utils-2.4.0.tgz. Extracting by manifest.
2021 silly tarball no local data for @typescript-eslint/visitor-keys@https://registry.npmjs.org/@typescript-eslint/visitor-keys/-/visitor-keys-8.53.1.tgz. Extracting by manifest.
2022 silly tarball no local data for @typescript-eslint/type-utils@https://registry.npmjs.org/@typescript-eslint/type-utils/-/type-utils-8.53.1.tgz. Extracting by manifest.
2023 silly tarball no local data for @typescript-eslint/scope-manager@https://registry.npmjs.org/@typescript-eslint/scope-manager/-/scope-manager-8.53.1.tgz. Extracting by manifest.
2024 silly tarball no local data for @typescript-eslint/utils@https://registry.npmjs.org/@typescript-eslint/utils/-/utils-8.53.1.tgz. Extracting by manifest.
2025 silly tarball no local data for @typescript-eslint/typescript-estree@https://registry.npmjs.org/@typescript-eslint/typescript-estree/-/typescript-estree-8.53.1.tgz. Extracting by manifest.
2026 silly tarball no local data for @typescript-eslint/parser@https://registry.npmjs.org/@typescript-eslint/parser/-/parser-8.53.1.tgz. Extracting by manifest.
2027 silly tarball no local data for @typescript-eslint/eslint-plugin@https://registry.npmjs.org/@typescript-eslint/eslint-plugin/-/eslint-plugin-8.53.1.tgz. Extracting by manifest.
2028 silly tarball no local data for has-flag@https://registry.npmjs.org/has-flag/-/has-flag-4.0.0.tgz. Extracting by manifest.
2029 silly tarball no local data for shebang-regex@https://registry.npmjs.org/shebang-regex/-/shebang-regex-3.0.0.tgz. Extracting by manifest.
2030 silly tarball no local data for @types/use-sync-external-store@https://registry.npmjs.org/@types/use-sync-external-store/-/use-sync-external-store-0.0.6.tgz. Extracting by manifest.
2031 silly tarball no local data for redux-thunk@https://registry.npmjs.org/redux-thunk/-/redux-thunk-3.1.0.tgz. Extracting by manifest.
2032 silly tarball no local data for redux@https://registry.npmjs.org/redux/-/redux-5.0.1.tgz. Extracting by manifest.
2033 silly tarball no local data for @standard-schema/utils@https://registry.npmjs.org/@standard-schema/utils/-/utils-0.3.0.tgz. Extracting by manifest.
2034 silly tarball no local data for @standard-schema/spec@https://registry.npmjs.org/@standard-schema/spec/-/spec-1.1.0.tgz. Extracting by manifest.
2035 silly tarball no local data for victory-vendor@https://registry.npmjs.org/victory-vendor/-/victory-vendor-37.3.6.tgz. Extracting by manifest.
2036 silly tarball no local data for use-sync-external-store@https://registry.npmjs.org/use-sync-external-store/-/use-sync-external-store-1.6.0.tgz. Extracting by manifest.
2037 silly tarball no local data for tiny-invariant@https://registry.npmjs.org/tiny-invariant/-/tiny-invariant-1.3.3.tgz. Extracting by manifest.
2038 silly tarball no local data for reselect@https://registry.npmjs.org/reselect/-/reselect-5.1.1.tgz. Extracting by manifest.
2039 silly tarball no local data for react-redux@https://registry.npmjs.org/react-redux/-/react-redux-9.2.0.tgz. Extracting by manifest.
2040 silly tarball no local data for immer@https://registry.npmjs.org/immer/-/immer-10.2.0.tgz. Extracting by manifest.
2041 silly tarball no local data for eventemitter3@https://registry.npmjs.org/eventemitter3/-/eventemitter3-5.0.4.tgz. Extracting by manifest.
2042 silly tarball no local data for es-toolkit@https://registry.npmjs.org/es-toolkit/-/es-toolkit-1.44.0.tgz. Extracting by manifest.
2043 silly tarball no local data for decimal.js-light@https://registry.npmjs.org/decimal.js-light/-/decimal.js-light-2.5.1.tgz. Extracting by manifest.
2044 silly tarball no local data for clsx@https://registry.npmjs.org/clsx/-/clsx-2.1.1.tgz. Extracting by manifest.
2045 silly tarball no local data for @reduxjs/toolkit@https://registry.npmjs.org/@reduxjs/toolkit/-/toolkit-2.11.2.tgz. Extracting by manifest.
2046 silly tarball no local data for set-cookie-parser@https://registry.npmjs.org/set-cookie-parser/-/set-cookie-parser-2.7.2.tgz. Extracting by manifest.
2047 silly tarball no local data for cookie@https://registry.npmjs.org/cookie/-/cookie-1.1.1.tgz. Extracting by manifest.
2048 silly tarball no local data for react-router@https://registry.npmjs.org/react-router/-/react-router-7.12.0.tgz. Extracting by manifest.
2049 silly tarball no local data for scheduler@https://registry.npmjs.org/scheduler/-/scheduler-0.27.0.tgz. Extracting by manifest.
2050 silly tarball no local data for callsites@https://registry.npmjs.org/callsites/-/callsites-3.1.0.tgz. Extracting by manifest.
2051 silly tarball no local data for yocto-queue@https://registry.npmjs.org/yocto-queue/-/yocto-queue-0.1.0.tgz. Extracting by manifest.
2052 silly tarball no local data for p-limit@https://registry.npmjs.org/p-limit/-/p-limit-3.1.0.tgz. Extracting by manifest.
2053 silly tarball no local data for word-wrap@https://registry.npmjs.org/word-wrap/-/word-wrap-1.2.5.tgz. Extracting by manifest.
2054 silly tarball no local data for fast-levenshtein@https://registry.npmjs.org/fast-levenshtein/-/fast-levenshtein-2.0.6.tgz. Extracting by manifest.
2055 silly tarball no local data for deep-is@https://registry.npmjs.org/deep-is/-/deep-is-0.1.4.tgz. Extracting by manifest.
2056 silly tarball no local data for concat-map@https://registry.npmjs.org/concat-map/-/concat-map-0.0.1.tgz. Extracting by manifest.
2057 silly tarball no local data for balanced-match@https://registry.npmjs.org/balanced-match/-/balanced-match-1.0.2.tgz. Extracting by manifest.
2058 silly tarball no local data for brace-expansion@https://registry.npmjs.org/brace-expansion/-/brace-expansion-1.1.12.tgz. Extracting by manifest.
2059 silly tarball no local data for mime-db@https://registry.npmjs.org/mime-db/-/mime-db-1.52.0.tgz. Extracting by manifest.
2060 silly tarball no local data for yallist@https://registry.npmjs.org/yallist/-/yallist-3.1.1.tgz. Extracting by manifest.
2061 silly tarball no local data for p-locate@https://registry.npmjs.org/p-locate/-/p-locate-5.0.0.tgz. Extracting by manifest.
2062 silly tarball no local data for type-check@https://registry.npmjs.org/type-check/-/type-check-0.4.0.tgz. Extracting by manifest.
2063 silly tarball no local data for prelude-ls@https://registry.npmjs.org/prelude-ls/-/prelude-ls-1.2.1.tgz. Extracting by manifest.
2064 silly tarball no local data for json-buffer@https://registry.npmjs.org/json-buffer/-/json-buffer-3.0.1.tgz. Extracting by manifest.
2065 silly tarball no local data for is-extglob@https://registry.npmjs.org/is-extglob/-/is-extglob-2.1.1.tgz. Extracting by manifest.
2066 silly tarball no local data for argparse@https://registry.npmjs.org/argparse/-/argparse-2.0.1.tgz. Extracting by manifest.
2067 silly tarball no local data for resolve-from@https://registry.npmjs.org/resolve-from/-/resolve-from-4.0.0.tgz. Extracting by manifest.
2068 silly tarball no local data for parent-module@https://registry.npmjs.org/parent-module/-/parent-module-1.0.1.tgz. Extracting by manifest.
2069 silly tarball no local data for hermes-estree@https://registry.npmjs.org/hermes-estree/-/hermes-estree-0.25.1.tgz. Extracting by manifest.
2070 silly tarball no local data for dunder-proto@https://registry.npmjs.org/dunder-proto/-/dunder-proto-1.0.1.tgz. Extracting by manifest.
2071 silly tarball no local data for math-intrinsics@https://registry.npmjs.org/math-intrinsics/-/math-intrinsics-1.1.0.tgz. Extracting by manifest.
2072 silly tarball no local data for has-symbols@https://registry.npmjs.org/has-symbols/-/has-symbols-1.1.0.tgz. Extracting by manifest.
2073 silly tarball no local data for gopd@https://registry.npmjs.org/gopd/-/gopd-1.2.0.tgz. Extracting by manifest.
2074 silly tarball no local data for get-proto@https://registry.npmjs.org/get-proto/-/get-proto-1.0.1.tgz. Extracting by manifest.
2075 silly tarball no local data for function-bind@https://registry.npmjs.org/function-bind/-/function-bind-1.1.2.tgz. Extracting by manifest.
2076 silly tarball no local data for es-object-atoms@https://registry.npmjs.org/es-object-atoms/-/es-object-atoms-1.1.1.tgz. Extracting by manifest.
2077 silly tarball no local data for es-define-property@https://registry.npmjs.org/es-define-property/-/es-define-property-1.0.1.tgz. Extracting by manifest.
2078 silly tarball no local data for call-bind-apply-helpers@https://registry.npmjs.org/call-bind-apply-helpers/-/call-bind-apply-helpers-1.0.2.tgz. Extracting by manifest.
2079 silly tarball no local data for has-tostringtag@https://registry.npmjs.org/has-tostringtag/-/has-tostringtag-1.0.2.tgz. Extracting by manifest.
2080 silly tarball no local data for get-intrinsic@https://registry.npmjs.org/get-intrinsic/-/get-intrinsic-1.3.0.tgz. Extracting by manifest.
2081 silly tarball no local data for es-errors@https://registry.npmjs.org/es-errors/-/es-errors-1.3.0.tgz. Extracting by manifest.
2082 silly tarball no local data for delayed-stream@https://registry.npmjs.org/delayed-stream/-/delayed-stream-1.0.0.tgz. Extracting by manifest.
2083 silly tarball no local data for mime-types@https://registry.npmjs.org/mime-types/-/mime-types-2.1.35.tgz. Extracting by manifest.
2084 silly tarball no local data for hasown@https://registry.npmjs.org/hasown/-/hasown-2.0.2.tgz. Extracting by manifest.
2085 silly tarball no local data for es-set-tostringtag@https://registry.npmjs.org/es-set-tostringtag/-/es-set-tostringtag-2.1.0.tgz. Extracting by manifest.
2086 silly tarball no local data for combined-stream@https://registry.npmjs.org/combined-stream/-/combined-stream-1.0.8.tgz. Extracting by manifest.
2087 silly tarball no local data for asynckit@https://registry.npmjs.org/asynckit/-/asynckit-0.4.0.tgz. Extracting by manifest.
2088 silly tarball no local data for keyv@https://registry.npmjs.org/keyv/-/keyv-4.5.4.tgz. Extracting by manifest.
2089 silly tarball no local data for flatted@https://registry.npmjs.org/flatted/-/flatted-3.3.3.tgz. Extracting by manifest.
2090 silly tarball no local data for path-exists@https://registry.npmjs.org/path-exists/-/path-exists-4.0.0.tgz. Extracting by manifest.
2091 silly tarball no local data for locate-path@https://registry.npmjs.org/locate-path/-/locate-path-6.0.0.tgz. Extracting by manifest.
2092 silly tarball no local data for flat-cache@https://registry.npmjs.org/flat-cache/-/flat-cache-4.0.1.tgz. Extracting by manifest.
2093 silly tarball no local data for acorn-jsx@https://registry.npmjs.org/acorn-jsx/-/acorn-jsx-5.3.2.tgz. Extracting by manifest.
2094 silly tarball no local data for acorn@https://registry.npmjs.org/acorn/-/acorn-8.15.0.tgz. Extracting by manifest.
2095 silly tarball no local data for estraverse@https://registry.npmjs.org/estraverse/-/estraverse-5.3.0.tgz. Extracting by manifest.
2096 silly tarball no local data for esrecurse@https://registry.npmjs.org/esrecurse/-/esrecurse-4.3.0.tgz. Extracting by manifest.
2097 silly tarball no local data for zod-validation-error@https://registry.npmjs.org/zod-validation-error/-/zod-validation-error-4.0.2.tgz. Extracting by manifest.
2098 silly tarball no local data for zod@https://registry.npmjs.org/zod/-/zod-4.3.5.tgz. Extracting by manifest.
2099 silly tarball no local data for hermes-parser@https://registry.npmjs.org/hermes-parser/-/hermes-parser-0.25.1.tgz. Extracting by manifest.
2100 silly tarball no local data for which@https://registry.npmjs.org/which/-/which-2.0.2.tgz. Extracting by manifest.
2101 silly tarball no local data for shebang-command@https://registry.npmjs.org/shebang-command/-/shebang-command-2.0.0.tgz. Extracting by manifest.
2102 silly tarball no local data for path-key@https://registry.npmjs.org/path-key/-/path-key-3.1.1.tgz. Extracting by manifest.
2103 silly tarball no local data for color-name@https://registry.npmjs.org/color-name/-/color-name-1.1.4.tgz. Extracting by manifest.
2104 silly tarball no local data for color-convert@https://registry.npmjs.org/color-convert/-/color-convert-2.0.1.tgz. Extracting by manifest.
2105 silly tarball no local data for supports-color@https://registry.npmjs.org/supports-color/-/supports-color-7.2.0.tgz. Extracting by manifest.
2106 silly tarball no local data for ansi-styles@https://registry.npmjs.org/ansi-styles/-/ansi-styles-4.3.0.tgz. Extracting by manifest.
2107 silly tarball no local data for uri-js@https://registry.npmjs.org/uri-js/-/uri-js-4.4.1.tgz. Extracting by manifest.
2108 silly tarball no local data for json-schema-traverse@https://registry.npmjs.org/json-schema-traverse/-/json-schema-traverse-0.4.1.tgz. Extracting by manifest.
2109 silly tarball no local data for fast-json-stable-stringify@https://registry.npmjs.org/fast-json-stable-stringify/-/fast-json-stable-stringify-2.1.0.tgz. Extracting by manifest.
2110 silly tarball no local data for @humanfs/core@https://registry.npmjs.org/@humanfs/core/-/core-0.19.1.tgz. Extracting by manifest.
2111 silly tarball no local data for levn@https://registry.npmjs.org/levn/-/levn-0.4.1.tgz. Extracting by manifest.
2112 silly tarball no local data for js-yaml@https://registry.npmjs.org/js-yaml/-/js-yaml-4.1.1.tgz. Extracting by manifest.
2113 silly tarball no local data for strip-json-comments@https://registry.npmjs.org/strip-json-comments/-/strip-json-comments-3.1.1.tgz. Extracting by manifest.
2114 silly tarball no local data for import-fresh@https://registry.npmjs.org/import-fresh/-/import-fresh-3.3.1.tgz. Extracting by manifest.
2115 silly tarball no local data for @types/json-schema@https://registry.npmjs.org/@types/json-schema/-/json-schema-7.0.15.tgz. Extracting by manifest.
2116 silly tarball no local data for @eslint/object-schema@https://registry.npmjs.org/@eslint/object-schema/-/object-schema-2.1.7.tgz. Extracting by manifest.
2117 silly tarball no local data for optionator@https://registry.npmjs.org/optionator/-/optionator-0.9.4.tgz. Extracting by manifest.
2118 silly tarball no local data for natural-compare@https://registry.npmjs.org/natural-compare/-/natural-compare-1.4.0.tgz. Extracting by manifest.
2119 silly tarball no local data for minimatch@https://registry.npmjs.org/minimatch/-/minimatch-3.1.2.tgz. Extracting by manifest.
2120 silly tarball no local data for lodash.merge@https://registry.npmjs.org/lodash.merge/-/lodash.merge-4.6.2.tgz. Extracting by manifest.
2121 silly tarball no local data for json-stable-stringify-without-jsonify@https://registry.npmjs.org/json-stable-stringify-without-jsonify/-/json-stable-stringify-without-jsonify-1.0.1.tgz. Extracting by manifest.
2122 silly tarball no local data for is-glob@https://registry.npmjs.org/is-glob/-/is-glob-4.0.3.tgz. Extracting by manifest.
2123 silly tarball no local data for imurmurhash@https://registry.npmjs.org/imurmurhash/-/imurmurhash-0.1.4.tgz. Extracting by manifest.
2124 silly tarball no local data for ignore@https://registry.npmjs.org/ignore/-/ignore-5.3.2.tgz. Extracting by manifest.
2125 silly tarball no local data for find-up@https://registry.npmjs.org/find-up/-/find-up-5.0.0.tgz. Extracting by manifest.
2126 silly tarball no local data for glob-parent@https://registry.npmjs.org/glob-parent/-/glob-parent-6.0.2.tgz. Extracting by manifest.
2127 silly tarball no local data for fast-deep-equal@https://registry.npmjs.org/fast-deep-equal/-/fast-deep-equal-3.1.3.tgz. Extracting by manifest.
2128 silly tarball no local data for file-entry-cache@https://registry.npmjs.org/file-entry-cache/-/file-entry-cache-8.0.0.tgz. Extracting by manifest.
2129 silly tarball no local data for esutils@https://registry.npmjs.org/esutils/-/esutils-2.0.3.tgz. Extracting by manifest.
2130 silly tarball no local data for esquery@https://registry.npmjs.org/esquery/-/esquery-1.7.0.tgz. Extracting by manifest.
2131 silly tarball no local data for espree@https://registry.npmjs.org/espree/-/espree-10.4.0.tgz. Extracting by manifest.
2132 silly tarball no local data for eslint-visitor-keys@https://registry.npmjs.org/eslint-visitor-keys/-/eslint-visitor-keys-4.2.1.tgz. Extracting by manifest.
2133 silly tarball no local data for eslint-scope@https://registry.npmjs.org/eslint-scope/-/eslint-scope-8.4.0.tgz. Extracting by manifest.
2134 silly tarball no local data for escape-string-regexp@https://registry.npmjs.org/escape-string-regexp/-/escape-string-regexp-4.0.0.tgz. Extracting by manifest.
2135 silly tarball no local data for cross-spawn@https://registry.npmjs.org/cross-spawn/-/cross-spawn-7.0.6.tgz. Extracting by manifest.
2136 silly tarball no local data for chalk@https://registry.npmjs.org/chalk/-/chalk-4.1.2.tgz. Extracting by manifest.
2137 silly tarball no local data for ajv@https://registry.npmjs.org/ajv/-/ajv-6.12.6.tgz. Extracting by manifest.
2138 silly tarball no local data for @types/estree@https://registry.npmjs.org/@types/estree/-/estree-1.0.8.tgz. Extracting by manifest.
2139 silly tarball no local data for @humanwhocodes/retry@https://registry.npmjs.org/@humanwhocodes/retry/-/retry-0.4.3.tgz. Extracting by manifest.
2140 silly tarball no local data for @humanwhocodes/module-importer@https://registry.npmjs.org/@humanwhocodes/module-importer/-/module-importer-1.0.1.tgz. Extracting by manifest.
2141 silly tarball no local data for @humanfs/node@https://registry.npmjs.org/@humanfs/node/-/node-0.16.7.tgz. Extracting by manifest.
2142 silly tarball no local data for @eslint/plugin-kit@https://registry.npmjs.org/@eslint/plugin-kit/-/plugin-kit-0.4.1.tgz. Extracting by manifest.
2143 silly tarball no local data for @eslint/eslintrc@https://registry.npmjs.org/@eslint/eslintrc/-/eslintrc-3.3.3.tgz. Extracting by manifest.
2144 silly tarball no local data for @eslint/core@https://registry.npmjs.org/@eslint/core/-/core-0.17.0.tgz. Extracting by manifest.
2145 silly tarball no local data for @eslint/config-helpers@https://registry.npmjs.org/@eslint/config-helpers/-/config-helpers-0.4.2.tgz. Extracting by manifest.
2146 silly tarball no local data for @eslint/config-array@https://registry.npmjs.org/@eslint/config-array/-/config-array-0.21.1.tgz. Extracting by manifest.
2147 silly tarball no local data for @eslint-community/regexpp@https://registry.npmjs.org/@eslint-community/regexpp/-/regexpp-4.12.2.tgz. Extracting by manifest.
2148 silly tarball no local data for @eslint-community/eslint-utils@https://registry.npmjs.org/@eslint-community/eslint-utils/-/eslint-utils-4.9.1.tgz. Extracting by manifest.
2149 silly tarball no local data for ms@https://registry.npmjs.org/ms/-/ms-2.1.3.tgz. Extracting by manifest.
2150 silly tarball no local data for update-browserslist-db@https://registry.npmjs.org/update-browserslist-db/-/update-browserslist-db-1.2.3.tgz. Extracting by manifest.
2151 silly tarball no local data for node-releases@https://registry.npmjs.org/node-releases/-/node-releases-2.0.27.tgz. Extracting by manifest.
2152 silly tarball no local data for electron-to-chromium@https://registry.npmjs.org/electron-to-chromium/-/electron-to-chromium-1.5.267.tgz. Extracting by manifest.
2153 silly tarball no local data for caniuse-lite@https://registry.npmjs.org/caniuse-lite/-/caniuse-lite-1.0.30001765.tgz. Extracting by manifest.
2154 silly tarball no local data for baseline-browser-mapping@https://registry.npmjs.org/baseline-browser-mapping/-/baseline-browser-mapping-2.9.16.tgz. Extracting by manifest.
2155 silly tarball no local data for proxy-from-env@https://registry.npmjs.org/proxy-from-env/-/proxy-from-env-1.1.0.tgz. Extracting by manifest.
2156 silly tarball no local data for form-data@https://registry.npmjs.org/form-data/-/form-data-4.0.5.tgz. Extracting by manifest.
2157 silly tarball no local data for follow-redirects@https://registry.npmjs.org/follow-redirects/-/follow-redirects-1.15.11.tgz. Extracting by manifest.
2158 silly tarball no local data for @types/babel__traverse@https://registry.npmjs.org/@types/babel__traverse/-/babel__traverse-7.28.0.tgz. Extracting by manifest.
2159 silly tarball no local data for @types/babel__template@https://registry.npmjs.org/@types/babel__template/-/babel__template-7.4.4.tgz. Extracting by manifest.
2160 silly tarball no local data for @types/babel__generator@https://registry.npmjs.org/@types/babel__generator/-/babel__generator-7.27.0.tgz. Extracting by manifest.
2161 silly tarball no local data for @jridgewell/resolve-uri@https://registry.npmjs.org/@jridgewell/resolve-uri/-/resolve-uri-3.1.2.tgz. Extracting by manifest.
2162 silly tarball no local data for @jridgewell/sourcemap-codec@https://registry.npmjs.org/@jridgewell/sourcemap-codec/-/sourcemap-codec-1.5.5.tgz. Extracting by manifest.
2163 silly tarball no local data for @babel/helper-string-parser@https://registry.npmjs.org/@babel/helper-string-parser/-/helper-string-parser-7.27.1.tgz. Extracting by manifest.
2164 silly tarball no local data for @babel/helper-globals@https://registry.npmjs.org/@babel/helper-globals/-/helper-globals-7.28.0.tgz. Extracting by manifest.
2165 silly tarball no local data for @babel/helper-plugin-utils@https://registry.npmjs.org/@babel/helper-plugin-utils/-/helper-plugin-utils-7.28.6.tgz. Extracting by manifest.
2166 silly tarball no local data for @babel/helper-module-imports@https://registry.npmjs.org/@babel/helper-module-imports/-/helper-module-imports-7.28.6.tgz. Extracting by manifest.
2167 silly tarball no local data for lru-cache@https://registry.npmjs.org/lru-cache/-/lru-cache-5.1.1.tgz. Extracting by manifest.
2168 silly tarball no local data for browserslist@https://registry.npmjs.org/browserslist/-/browserslist-4.28.1.tgz. Extracting by manifest.
2169 silly tarball no local data for @babel/helper-validator-option@https://registry.npmjs.org/@babel/helper-validator-option/-/helper-validator-option-7.27.1.tgz. Extracting by manifest.
2170 silly tarball no local data for @babel/compat-data@https://registry.npmjs.org/@babel/compat-data/-/compat-data-7.28.6.tgz. Extracting by manifest.
2171 silly tarball no local data for jsesc@https://registry.npmjs.org/jsesc/-/jsesc-3.1.0.tgz. Extracting by manifest.
2172 silly tarball no local data for @jridgewell/trace-mapping@https://registry.npmjs.org/@jridgewell/trace-mapping/-/trace-mapping-0.3.31.tgz. Extracting by manifest.
2173 silly tarball no local data for @jridgewell/gen-mapping@https://registry.npmjs.org/@jridgewell/gen-mapping/-/gen-mapping-0.3.13.tgz. Extracting by manifest.
2174 silly tarball no local data for picocolors@https://registry.npmjs.org/picocolors/-/picocolors-1.1.1.tgz. Extracting by manifest.
2175 silly tarball no local data for js-tokens@https://registry.npmjs.org/js-tokens/-/js-tokens-4.0.0.tgz. Extracting by manifest.
2176 silly tarball no local data for @babel/helper-validator-identifier@https://registry.npmjs.org/@babel/helper-validator-identifier/-/helper-validator-identifier-7.28.5.tgz. Extracting by manifest.
2177 silly tarball no local data for semver@https://registry.npmjs.org/semver/-/semver-6.3.1.tgz. Extracting by manifest.
2178 silly tarball no local data for json5@https://registry.npmjs.org/json5/-/json5-2.2.3.tgz. Extracting by manifest.
2179 silly tarball no local data for gensync@https://registry.npmjs.org/gensync/-/gensync-1.0.0-beta.2.tgz. Extracting by manifest.
2180 silly tarball no local data for debug@https://registry.npmjs.org/debug/-/debug-4.4.3.tgz. Extracting by manifest.
2181 silly tarball no local data for convert-source-map@https://registry.npmjs.org/convert-source-map/-/convert-source-map-2.0.0.tgz. Extracting by manifest.
2182 silly tarball no local data for @jridgewell/remapping@https://registry.npmjs.org/@jridgewell/remapping/-/remapping-2.3.5.tgz. Extracting by manifest.
2183 silly tarball no local data for @babel/types@https://registry.npmjs.org/@babel/types/-/types-7.28.6.tgz. Extracting by manifest.
2184 silly tarball no local data for @babel/traverse@https://registry.npmjs.org/@babel/traverse/-/traverse-7.28.6.tgz. Extracting by manifest.
2185 silly tarball no local data for @babel/template@https://registry.npmjs.org/@babel/template/-/template-7.28.6.tgz. Extracting by manifest.
2186 silly tarball no local data for @babel/parser@https://registry.npmjs.org/@babel/parser/-/parser-7.28.6.tgz. Extracting by manifest.
2187 silly tarball no local data for @babel/helper-module-transforms@https://registry.npmjs.org/@babel/helper-module-transforms/-/helper-module-transforms-7.28.6.tgz. Extracting by manifest.
2188 silly tarball no local data for @babel/helpers@https://registry.npmjs.org/@babel/helpers/-/helpers-7.28.6.tgz. Extracting by manifest.
2189 silly tarball no local data for @babel/helper-compilation-targets@https://registry.npmjs.org/@babel/helper-compilation-targets/-/helper-compilation-targets-7.28.6.tgz. Extracting by manifest.
2190 silly tarball no local data for @babel/generator@https://registry.npmjs.org/@babel/generator/-/generator-7.28.6.tgz. Extracting by manifest.
2191 silly tarball no local data for @babel/code-frame@https://registry.npmjs.org/@babel/code-frame/-/code-frame-7.28.6.tgz. Extracting by manifest.
2192 silly tarball no local data for react-refresh@https://registry.npmjs.org/react-refresh/-/react-refresh-0.18.0.tgz. Extracting by manifest.
2193 silly tarball no local data for @types/babel__core@https://registry.npmjs.org/@types/babel__core/-/babel__core-7.20.5.tgz. Extracting by manifest.
2194 silly tarball no local data for @rolldown/pluginutils@https://registry.npmjs.org/@rolldown/pluginutils/-/pluginutils-1.0.0-beta.53.tgz. Extracting by manifest.
2195 silly tarball no local data for @babel/plugin-transform-react-jsx-source@https://registry.npmjs.org/@babel/plugin-transform-react-jsx-source/-/plugin-transform-react-jsx-source-7.27.1.tgz. Extracting by manifest.
2196 silly tarball no local data for @babel/plugin-transform-react-jsx-self@https://registry.npmjs.org/@babel/plugin-transform-react-jsx-self/-/plugin-transform-react-jsx-self-7.27.1.tgz. Extracting by manifest.
2197 silly tarball no local data for @babel/core@https://registry.npmjs.org/@babel/core/-/core-7.28.6.tgz. Extracting by manifest.
2198 silly tarball no local data for csstype@https://registry.npmjs.org/csstype/-/csstype-3.2.3.tgz. Extracting by manifest.
2199 silly tarball no local data for undici-types@https://registry.npmjs.org/undici-types/-/undici-types-7.16.0.tgz. Extracting by manifest.
2200 silly tarball no local data for typescript-eslint@https://registry.npmjs.org/typescript-eslint/-/typescript-eslint-8.53.1.tgz. Extracting by manifest.
2201 silly tarball no local data for typescript@https://registry.npmjs.org/typescript/-/typescript-5.9.3.tgz. Extracting by manifest.
2202 silly tarball no local data for react-is@https://registry.npmjs.org/react-is/-/react-is-19.2.3.tgz. Extracting by manifest.
2203 silly tarball no local data for recharts@https://registry.npmjs.org/recharts/-/recharts-3.6.0.tgz. Extracting by manifest.
2204 silly tarball no local data for react-router-dom@https://registry.npmjs.org/react-router-dom/-/react-router-dom-7.12.0.tgz. Extracting by manifest.
2205 silly tarball no local data for react-dom@https://registry.npmjs.org/react-dom/-/react-dom-19.2.3.tgz. Extracting by manifest.
2206 silly tarball no local data for react@https://registry.npmjs.org/react/-/react-19.2.3.tgz. Extracting by manifest.
2207 silly tarball no local data for globals@https://registry.npmjs.org/globals/-/globals-16.5.0.tgz. Extracting by manifest.
2208 silly tarball no local data for eslint-plugin-react-refresh@https://registry.npmjs.org/eslint-plugin-react-refresh/-/eslint-plugin-react-refresh-0.4.26.tgz. Extracting by manifest.
2209 silly tarball no local data for eslint-plugin-react-hooks@https://registry.npmjs.org/eslint-plugin-react-hooks/-/eslint-plugin-react-hooks-7.0.1.tgz. Extracting by manifest.
2210 silly tarball no local data for eslint@https://registry.npmjs.org/eslint/-/eslint-9.39.2.tgz. Extracting by manifest.
2211 silly tarball no local data for axios@https://registry.npmjs.org/axios/-/axios-1.13.2.tgz. Extracting by manifest.
2212 silly tarball no local data for vite@https://registry.npmjs.org/vite/-/vite-7.3.1.tgz. Extracting by manifest.
2213 silly tarball no local data for @vitejs/plugin-react@https://registry.npmjs.org/@vitejs/plugin-react/-/plugin-react-5.1.2.tgz. Extracting by manifest.
2214 silly tarball no local data for @types/react-dom@https://registry.npmjs.org/@types/react-dom/-/react-dom-19.2.3.tgz. Extracting by manifest.
2215 silly tarball no local data for @types/react@https://registry.npmjs.org/@types/react/-/react-19.2.9.tgz. Extracting by manifest.
2216 silly tarball no local data for @types/node@https://registry.npmjs.org/@types/node/-/node-24.10.9.tgz. Extracting by manifest.
2217 silly tarball no local data for @eslint/js@https://registry.npmjs.org/@eslint/js/-/js-9.39.2.tgz. Extracting by manifest.
2218 silly tarball no local data for semver@https://registry.npmjs.org/semver/-/semver-7.7.3.tgz. Extracting by manifest.
2219 silly tarball no local data for brace-expansion@https://registry.npmjs.org/brace-expansion/-/brace-expansion-2.0.2.tgz. Extracting by manifest.
2220 silly tarball no local data for minimatch@https://registry.npmjs.org/minimatch/-/minimatch-9.0.5.tgz. Extracting by manifest.
2221 silly tarball no local data for ignore@https://registry.npmjs.org/ignore/-/ignore-7.0.5.tgz. Extracting by manifest.
2222 silly tarball no local data for immer@https://registry.npmjs.org/immer/-/immer-11.1.3.tgz. Extracting by manifest.
2223 silly tarball no local data for globals@https://registry.npmjs.org/globals/-/globals-14.0.0.tgz. Extracting by manifest.
2224 silly tarball no local data for eslint-visitor-keys@https://registry.npmjs.org/eslint-visitor-keys/-/eslint-visitor-keys-3.4.3.tgz. Extracting by manifest.
2225 http fetch POST 200 https://registry.npmjs.org/-/npm/v1/security/advisories/bulk 465ms
2226 silly audit report {}
2227 http fetch GET 200 https://registry.npmjs.org/d3-timer/-/d3-timer-3.0.1.tgz 418ms (cache miss)
2228 http fetch GET 200 https://registry.npmjs.org/isexe/-/isexe-2.0.0.tgz 596ms (cache miss)
2229 http fetch GET 200 https://registry.npmjs.org/d3-path/-/d3-path-3.1.0.tgz 640ms (cache miss)
2230 http fetch GET 200 https://registry.npmjs.org/@types/d3-color/-/d3-color-3.1.3.tgz 639ms (cache miss)
2231 http fetch GET 200 https://registry.npmjs.org/internmap/-/internmap-2.0.3.tgz 654ms (cache miss)
2232 http fetch GET 200 https://registry.npmjs.org/@types/d3-time/-/d3-time-3.0.4.tgz 677ms (cache miss)
2233 http fetch GET 200 https://registry.npmjs.org/d3-time/-/d3-time-3.1.0.tgz 700ms (cache miss)
2234 http fetch GET 200 https://registry.npmjs.org/@types/d3-path/-/d3-path-3.1.1.tgz 719ms (cache miss)
2235 http fetch GET 200 https://registry.npmjs.org/escalade/-/escalade-3.2.0.tgz 769ms (cache miss)
2236 http fetch GET 200 https://registry.npmjs.org/@typescript-eslint/project-service/-/project-service-8.53.1.tgz 768ms (cache miss)
2237 http fetch GET 200 https://registry.npmjs.org/punycode/-/punycode-2.3.1.tgz 792ms (cache miss)
2238 http fetch GET 200 https://registry.npmjs.org/@types/d3-interpolate/-/d3-interpolate-3.0.4.tgz 794ms (cache miss)
2239 http fetch GET 200 https://registry.npmjs.org/@types/d3-ease/-/d3-ease-3.0.2.tgz 794ms (cache miss)
2240 http fetch GET 200 https://registry.npmjs.org/has-flag/-/has-flag-4.0.0.tgz 805ms (cache miss)
2241 http fetch GET 200 https://registry.npmjs.org/@types/d3-timer/-/d3-timer-3.0.2.tgz 823ms (cache miss)
2242 http fetch GET 200 https://registry.npmjs.org/@typescript-eslint/tsconfig-utils/-/tsconfig-utils-8.53.1.tgz 893ms (cache miss)
2243 http fetch GET 200 https://registry.npmjs.org/@types/use-sync-external-store/-/use-sync-external-store-0.0.6.tgz 892ms (cache miss)
2244 http fetch GET 200 https://registry.npmjs.org/fdir/-/fdir-6.5.0.tgz 920ms (cache miss)
2245 http fetch GET 200 https://registry.npmjs.org/tinyglobby/-/tinyglobby-0.2.15.tgz 921ms (cache miss)
2246 http fetch GET 200 https://registry.npmjs.org/@typescript-eslint/parser/-/parser-8.53.1.tgz 918ms (cache miss)
2247 http fetch GET 200 https://registry.npmjs.org/nanoid/-/nanoid-3.3.11.tgz 952ms (cache miss)
2248 http fetch GET 200 https://registry.npmjs.org/use-sync-external-store/-/use-sync-external-store-1.6.0.tgz 966ms (cache miss)
2249 http fetch GET 200 https://registry.npmjs.org/@standard-schema/spec/-/spec-1.1.0.tgz 1000ms (cache miss)
2250 http fetch GET 200 https://registry.npmjs.org/clsx/-/clsx-2.1.1.tgz 997ms (cache miss)
2251 http fetch GET 200 https://registry.npmjs.org/cookie/-/cookie-1.1.1.tgz 996ms (cache miss)
2252 http fetch GET 200 https://registry.npmjs.org/d3-color/-/d3-color-3.1.0.tgz 1068ms (cache miss)
2253 http fetch GET 200 https://registry.npmjs.org/callsites/-/callsites-3.1.0.tgz 1054ms (cache miss)
2254 http fetch GET 200 https://registry.npmjs.org/p-limit/-/p-limit-3.1.0.tgz 1053ms (cache miss)
2255 http fetch GET 200 https://registry.npmjs.org/@typescript-eslint/visitor-keys/-/visitor-keys-8.53.1.tgz 1125ms (cache miss)
2256 http fetch GET 200 https://registry.npmjs.org/@standard-schema/utils/-/utils-0.3.0.tgz 1122ms (cache miss)
2257 http fetch GET 200 https://registry.npmjs.org/deep-is/-/deep-is-0.1.4.tgz 1113ms (cache miss)
2258 http fetch GET 200 https://registry.npmjs.org/eventemitter3/-/eventemitter3-5.0.4.tgz 1145ms (cache miss)
2259 http fetch GET 200 https://registry.npmjs.org/shebang-regex/-/shebang-regex-3.0.0.tgz 1152ms (cache miss)
2260 http fetch GET 200 https://registry.npmjs.org/fast-levenshtein/-/fast-levenshtein-2.0.6.tgz 1140ms (cache miss)
2261 http fetch GET 200 https://registry.npmjs.org/yallist/-/yallist-3.1.1.tgz 1138ms (cache miss)
2262 http fetch GET 200 https://registry.npmjs.org/balanced-match/-/balanced-match-1.0.2.tgz 1139ms (cache miss)
2263 http fetch GET 200 https://registry.npmjs.org/@types/d3-array/-/d3-array-3.2.2.tgz 1179ms (cache miss)
2264 http fetch GET 200 https://registry.npmjs.org/set-cookie-parser/-/set-cookie-parser-2.7.2.tgz 1171ms (cache miss)
2265 http fetch GET 200 https://registry.npmjs.org/yocto-queue/-/yocto-queue-0.1.0.tgz 1170ms (cache miss)
2266 http fetch GET 200 https://registry.npmjs.org/concat-map/-/concat-map-0.0.1.tgz 1165ms (cache miss)
2267 http fetch GET 200 https://registry.npmjs.org/source-map-js/-/source-map-js-1.2.1.tgz 1215ms (cache miss)
2268 http fetch GET 200 https://registry.npmjs.org/picomatch/-/picomatch-4.0.3.tgz 1207ms (cache miss)
2269 http fetch GET 200 https://registry.npmjs.org/prelude-ls/-/prelude-ls-1.2.1.tgz 1189ms (cache miss)
2270 http fetch GET 200 https://registry.npmjs.org/type-check/-/type-check-0.4.0.tgz 1189ms (cache miss)
2271 http fetch GET 200 https://registry.npmjs.org/@types/d3-shape/-/d3-shape-3.1.8.tgz 1232ms (cache miss)
2272 http fetch GET 200 https://registry.npmjs.org/tiny-invariant/-/tiny-invariant-1.3.3.tgz 1224ms (cache miss)
2273 http fetch GET 200 https://registry.npmjs.org/p-locate/-/p-locate-5.0.0.tgz 1212ms (cache miss)
2274 http fetch GET 200 https://registry.npmjs.org/word-wrap/-/word-wrap-1.2.5.tgz 1253ms (cache miss)
2275 http fetch GET 200 https://registry.npmjs.org/brace-expansion/-/brace-expansion-1.1.12.tgz 1249ms (cache miss)
2276 http fetch GET 200 https://registry.npmjs.org/es-define-property/-/es-define-property-1.0.1.tgz 1243ms (cache miss)
2277 http fetch GET 200 https://registry.npmjs.org/has-symbols/-/has-symbols-1.1.0.tgz 1246ms (cache miss)
2278 http fetch GET 200 https://registry.npmjs.org/json-buffer/-/json-buffer-3.0.1.tgz 1275ms (cache miss)
2279 http fetch GET 200 https://registry.npmjs.org/dunder-proto/-/dunder-proto-1.0.1.tgz 1274ms (cache miss)
2280 http fetch GET 200 https://registry.npmjs.org/math-intrinsics/-/math-intrinsics-1.1.0.tgz 1274ms (cache miss)
2281 http fetch GET 200 https://registry.npmjs.org/is-extglob/-/is-extglob-2.1.1.tgz 1276ms (cache miss)
2282 http fetch GET 200 https://registry.npmjs.org/gopd/-/gopd-1.2.0.tgz 1274ms (cache miss)
2283 http fetch GET 200 https://registry.npmjs.org/parent-module/-/parent-module-1.0.1.tgz 1276ms (cache miss)
2284 http fetch GET 200 https://registry.npmjs.org/delayed-stream/-/delayed-stream-1.0.0.tgz 1272ms (cache miss)
2285 http fetch GET 200 https://registry.npmjs.org/resolve-from/-/resolve-from-4.0.0.tgz 1303ms (cache miss)
2286 http fetch GET 200 https://registry.npmjs.org/asynckit/-/asynckit-0.4.0.tgz 1299ms (cache miss)
2287 http fetch GET 200 https://registry.npmjs.org/@types/d3-scale/-/d3-scale-4.0.9.tgz 1350ms (cache miss)
2288 http fetch GET 200 https://registry.npmjs.org/esbuild/-/esbuild-0.27.2.tgz 1357ms (cache miss)
2289 http fetch GET 200 https://registry.npmjs.org/scheduler/-/scheduler-0.27.0.tgz 1338ms (cache miss)
2290 http fetch GET 200 https://registry.npmjs.org/hasown/-/hasown-2.0.2.tgz 1325ms (cache miss)
2291 http fetch GET 200 https://registry.npmjs.org/mime-types/-/mime-types-2.1.35.tgz 1326ms (cache miss)
2292 http fetch GET 200 https://registry.npmjs.org/keyv/-/keyv-4.5.4.tgz 1324ms (cache miss)
2293 http fetch GET 200 https://registry.npmjs.org/get-proto/-/get-proto-1.0.1.tgz 1352ms (cache miss)
2294 http fetch GET 200 https://registry.npmjs.org/combined-stream/-/combined-stream-1.0.8.tgz 1349ms (cache miss)
2295 http fetch GET 200 https://registry.npmjs.org/es-set-tostringtag/-/es-set-tostringtag-2.1.0.tgz 1349ms (cache miss)
2296 http fetch GET 200 https://registry.npmjs.org/path-exists/-/path-exists-4.0.0.tgz 1349ms (cache miss)
2297 http fetch GET 200 https://registry.npmjs.org/locate-path/-/locate-path-6.0.0.tgz 1353ms (cache miss)
2298 http fetch GET 200 https://registry.npmjs.org/path-key/-/path-key-3.1.1.tgz 1351ms (cache miss)
2299 http fetch GET 200 https://registry.npmjs.org/d3-ease/-/d3-ease-3.0.1.tgz 1406ms (cache miss)
2300 http fetch GET 200 https://registry.npmjs.org/redux-thunk/-/redux-thunk-3.1.0.tgz 1397ms (cache miss)
2301 http fetch GET 200 https://registry.npmjs.org/get-intrinsic/-/get-intrinsic-1.3.0.tgz 1379ms (cache miss)
2302 http fetch GET 200 https://registry.npmjs.org/estraverse/-/estraverse-5.3.0.tgz 1375ms (cache miss)
2303 http fetch GET 200 https://registry.npmjs.org/json-schema-traverse/-/json-schema-traverse-0.4.1.tgz 1372ms (cache miss)
2304 http fetch GET 200 https://registry.npmjs.org/function-bind/-/function-bind-1.1.2.tgz 1407ms (cache miss)
2305 http fetch GET 200 https://registry.npmjs.org/es-object-atoms/-/es-object-atoms-1.1.1.tgz 1407ms (cache miss)
2306 http fetch GET 200 https://registry.npmjs.org/esrecurse/-/esrecurse-4.3.0.tgz 1401ms (cache miss)
2307 http fetch GET 200 https://registry.npmjs.org/acorn-jsx/-/acorn-jsx-5.3.2.tgz 1402ms (cache miss)
2308 http fetch GET 200 https://registry.npmjs.org/shebang-command/-/shebang-command-2.0.0.tgz 1400ms (cache miss)
2309 http fetch GET 200 https://registry.npmjs.org/which/-/which-2.0.2.tgz 1400ms (cache miss)
2310 http fetch GET 200 https://registry.npmjs.org/color-convert/-/color-convert-2.0.1.tgz 1400ms (cache miss)
2311 http fetch GET 200 https://registry.npmjs.org/color-name/-/color-name-1.1.4.tgz 1400ms (cache miss)
2312 http fetch GET 200 https://registry.npmjs.org/fast-json-stable-stringify/-/fast-json-stable-stringify-2.1.0.tgz 1398ms (cache miss)
2313 http fetch GET 200 https://registry.npmjs.org/supports-color/-/supports-color-7.2.0.tgz 1428ms (cache miss)
2314 http fetch GET 200 https://registry.npmjs.org/import-fresh/-/import-fresh-3.3.1.tgz 1426ms (cache miss)
2315 http fetch GET 200 https://registry.npmjs.org/natural-compare/-/natural-compare-1.4.0.tgz 1425ms (cache miss)
2316 http fetch GET 200 https://registry.npmjs.org/flat-cache/-/flat-cache-4.0.1.tgz 1460ms (cache miss)
2317 http fetch GET 200 https://registry.npmjs.org/ansi-styles/-/ansi-styles-4.3.0.tgz 1496ms (cache miss)
2318 http fetch GET 200 https://registry.npmjs.org/strip-json-comments/-/strip-json-comments-3.1.1.tgz 1495ms (cache miss)
2319 http fetch GET 200 https://registry.npmjs.org/levn/-/levn-0.4.1.tgz 1496ms (cache miss)
2320 http fetch GET 200 https://registry.npmjs.org/minimatch/-/minimatch-3.1.2.tgz 1494ms (cache miss)
2321 http fetch GET 200 https://registry.npmjs.org/lodash.merge/-/lodash.merge-4.6.2.tgz 1495ms (cache miss)
2322 http fetch GET 200 https://registry.npmjs.org/imurmurhash/-/imurmurhash-0.1.4.tgz 1495ms (cache miss)
2323 http fetch GET 200 https://registry.npmjs.org/glob-parent/-/glob-parent-6.0.2.tgz 1495ms (cache miss)
2324 http fetch GET 200 https://registry.npmjs.org/fast-deep-equal/-/fast-deep-equal-3.1.3.tgz 1495ms (cache miss)
2325 http fetch GET 200 https://registry.npmjs.org/find-up/-/find-up-5.0.0.tgz 1496ms (cache miss)
2326 http fetch GET 200 https://registry.npmjs.org/has-tostringtag/-/has-tostringtag-1.0.2.tgz 1542ms (cache miss)
2327 http fetch GET 200 https://registry.npmjs.org/flatted/-/flatted-3.3.3.tgz 1542ms (cache miss)
2328 http fetch GET 200 https://registry.npmjs.org/optionator/-/optionator-0.9.4.tgz 1535ms (cache miss)
2329 http fetch GET 200 https://registry.npmjs.org/@types/json-schema/-/json-schema-7.0.15.tgz 1535ms (cache miss)
2330 http fetch GET 200 https://registry.npmjs.org/is-glob/-/is-glob-4.0.3.tgz 1533ms (cache miss)
2331 http fetch GET 200 https://registry.npmjs.org/esutils/-/esutils-2.0.3.tgz 1574ms (cache miss)
2332 http fetch GET 200 https://registry.npmjs.org/file-entry-cache/-/file-entry-cache-8.0.0.tgz 1574ms (cache miss)
2333 http fetch GET 200 https://registry.npmjs.org/@humanwhocodes/retry/-/retry-0.4.3.tgz 1572ms (cache miss)
2334 http fetch GET 200 https://registry.npmjs.org/mime-db/-/mime-db-1.52.0.tgz 1642ms (cache miss)
2335 http fetch GET 200 https://registry.npmjs.org/call-bind-apply-helpers/-/call-bind-apply-helpers-1.0.2.tgz 1637ms (cache miss)
2336 http fetch GET 200 https://registry.npmjs.org/ignore/-/ignore-5.3.2.tgz 1624ms (cache miss)
2337 http fetch GET 200 https://registry.npmjs.org/escape-string-regexp/-/escape-string-regexp-4.0.0.tgz 1620ms (cache miss)
2338 http fetch GET 200 https://registry.npmjs.org/eslint-visitor-keys/-/eslint-visitor-keys-4.2.1.tgz 1621ms (cache miss)
2339 http fetch GET 200 https://registry.npmjs.org/ms/-/ms-2.1.3.tgz 1611ms (cache miss)
2340 http fetch GET 200 https://registry.npmjs.org/cross-spawn/-/cross-spawn-7.0.6.tgz 1670ms (cache miss)
2341 http fetch GET 200 https://registry.npmjs.org/@humanfs/node/-/node-0.16.7.tgz 1664ms (cache miss)
2342 http fetch GET 200 https://registry.npmjs.org/es-errors/-/es-errors-1.3.0.tgz 1725ms (cache miss)
2343 http fetch GET 200 https://registry.npmjs.org/json-stable-stringify-without-jsonify/-/json-stable-stringify-without-jsonify-1.0.1.tgz 1712ms (cache miss)
2344 http fetch GET 200 https://registry.npmjs.org/@humanwhocodes/module-importer/-/module-importer-1.0.1.tgz 1702ms (cache miss)
2345 http fetch GET 200 https://registry.npmjs.org/update-browserslist-db/-/update-browserslist-db-1.2.3.tgz 1697ms (cache miss)
2346 http fetch GET 200 https://registry.npmjs.org/proxy-from-env/-/proxy-from-env-1.1.0.tgz 1697ms (cache miss)
2347 http fetch GET 200 https://registry.npmjs.org/@humanfs/core/-/core-0.19.1.tgz 1746ms (cache miss)
2348 http fetch GET 200 https://registry.npmjs.org/espree/-/espree-10.4.0.tgz 1739ms (cache miss)
2349 http fetch GET 200 https://registry.npmjs.org/chalk/-/chalk-4.1.2.tgz 1737ms (cache miss)
2350 http fetch GET 200 https://registry.npmjs.org/@types/estree/-/estree-1.0.8.tgz 1737ms (cache miss)
2351 http fetch GET 200 https://registry.npmjs.org/node-releases/-/node-releases-2.0.27.tgz 1728ms (cache miss)
2352 http fetch GET 200 https://registry.npmjs.org/@types/babel__template/-/babel__template-7.4.4.tgz 1724ms (cache miss)
2353 http fetch GET 200 https://registry.npmjs.org/@typescript-eslint/types/-/types-8.53.1.tgz 1792ms (cache miss)
2354 http fetch GET 200 https://registry.npmjs.org/decimal.js-light/-/decimal.js-light-2.5.1.tgz 1785ms (cache miss)
2355 http fetch GET 200 https://registry.npmjs.org/@types/babel__traverse/-/babel__traverse-7.28.0.tgz 1736ms (cache miss)
2356 http fetch GET 200 https://registry.npmjs.org/@babel/helper-plugin-utils/-/helper-plugin-utils-7.28.6.tgz 1732ms (cache miss)
2357 http fetch GET 200 https://registry.npmjs.org/@babel/helper-globals/-/helper-globals-7.28.0.tgz 1735ms (cache miss)
2358 http fetch GET 200 https://registry.npmjs.org/@eslint/object-schema/-/object-schema-2.1.7.tgz 1775ms (cache miss)
2359 http fetch GET 200 https://registry.npmjs.org/@eslint/core/-/core-0.17.0.tgz 1762ms (cache miss)
2360 http fetch GET 200 https://registry.npmjs.org/follow-redirects/-/follow-redirects-1.15.11.tgz 1756ms (cache miss)
2361 http fetch GET 200 https://registry.npmjs.org/@types/babel__generator/-/babel__generator-7.27.0.tgz 1754ms (cache miss)
2362 http fetch GET 200 https://registry.npmjs.org/lru-cache/-/lru-cache-5.1.1.tgz 1751ms (cache miss)
2363 http fetch GET 200 https://registry.npmjs.org/@babel/helper-validator-option/-/helper-validator-option-7.27.1.tgz 1751ms (cache miss)
2364 http fetch GET 200 https://registry.npmjs.org/argparse/-/argparse-2.0.1.tgz 1805ms (cache miss)
2365 http fetch GET 200 https://registry.npmjs.org/form-data/-/form-data-4.0.5.tgz 1768ms (cache miss)
2366 http fetch GET 200 https://registry.npmjs.org/@babel/helper-string-parser/-/helper-string-parser-7.27.1.tgz 1769ms (cache miss)
2367 http fetch GET 200 https://registry.npmjs.org/@jridgewell/resolve-uri/-/resolve-uri-3.1.2.tgz 1771ms (cache miss)
2368 http fetch GET 200 https://registry.npmjs.org/picocolors/-/picocolors-1.1.1.tgz 1766ms (cache miss)
2369 http fetch GET 200 https://registry.npmjs.org/js-tokens/-/js-tokens-4.0.0.tgz 1766ms (cache miss)
2370 http fetch GET 200 https://registry.npmjs.org/browserslist/-/browserslist-4.28.1.tgz 1782ms (cache miss)
2371 http fetch GET 200 https://registry.npmjs.org/@babel/helper-validator-identifier/-/helper-validator-identifier-7.28.5.tgz 1783ms (cache miss)
2372 http fetch GET 200 https://registry.npmjs.org/d3-interpolate/-/d3-interpolate-3.0.1.tgz 1860ms (cache miss)
2373 http fetch GET 200 https://registry.npmjs.org/@babel/helper-module-imports/-/helper-module-imports-7.28.6.tgz 1792ms (cache miss)
2374 http fetch GET 200 https://registry.npmjs.org/debug/-/debug-4.4.3.tgz 1786ms (cache miss)
2375 http fetch GET 200 https://registry.npmjs.org/react-refresh/-/react-refresh-0.18.0.tgz 1781ms (cache miss)
2376 http fetch GET 200 https://registry.npmjs.org/convert-source-map/-/convert-source-map-2.0.0.tgz 1797ms (cache miss)
2377 http fetch GET 200 https://registry.npmjs.org/@babel/code-frame/-/code-frame-7.28.6.tgz 1797ms (cache miss)
2378 http fetch GET 200 https://registry.npmjs.org/@eslint/config-helpers/-/config-helpers-0.4.2.tgz 1829ms (cache miss)
2379 http fetch GET 200 https://registry.npmjs.org/jsesc/-/jsesc-3.1.0.tgz 1816ms (cache miss)
2380 http fetch GET 200 https://registry.npmjs.org/gensync/-/gensync-1.0.0-beta.2.tgz 1813ms (cache miss)
2381 http fetch GET 200 https://registry.npmjs.org/@jridgewell/remapping/-/remapping-2.3.5.tgz 1812ms (cache miss)
2382 http fetch GET 200 https://registry.npmjs.org/@types/babel__core/-/babel__core-7.20.5.tgz 1807ms (cache miss)
2383 http fetch GET 200 https://registry.npmjs.org/@rolldown/pluginutils/-/pluginutils-1.0.0-beta.53.tgz 1807ms (cache miss)
2384 http fetch GET 200 https://registry.npmjs.org/typescript-eslint/-/typescript-eslint-8.53.1.tgz 1805ms (cache miss)
2385 http fetch GET 200 https://registry.npmjs.org/@babel/plugin-transform-react-jsx-self/-/plugin-transform-react-jsx-self-7.27.1.tgz 1807ms (cache miss)
2386 http fetch GET 200 https://registry.npmjs.org/d3-scale/-/d3-scale-4.0.2.tgz 1897ms (cache miss)
2387 http fetch GET 200 https://registry.npmjs.org/ts-api-utils/-/ts-api-utils-2.4.0.tgz 1890ms (cache miss)
2388 http fetch GET 200 https://registry.npmjs.org/react-is/-/react-is-19.2.3.tgz 1814ms (cache miss)
2389 http fetch GET 200 https://registry.npmjs.org/electron-to-chromium/-/electron-to-chromium-1.5.267.tgz 1845ms (cache miss)
2390 http fetch GET 200 https://registry.npmjs.org/@babel/plugin-transform-react-jsx-source/-/plugin-transform-react-jsx-source-7.27.1.tgz 1826ms (cache miss)
2391 http fetch GET 200 https://registry.npmjs.org/eslint-plugin-react-refresh/-/eslint-plugin-react-refresh-0.4.26.tgz 1821ms (cache miss)
2392 http fetch GET 200 https://registry.npmjs.org/@babel/compat-data/-/compat-data-7.28.6.tgz 1847ms (cache miss)
2393 http fetch GET 200 https://registry.npmjs.org/@types/react-dom/-/react-dom-19.2.3.tgz 1828ms (cache miss)
2394 http fetch GET 200 https://registry.npmjs.org/eslint-scope/-/eslint-scope-8.4.0.tgz 1877ms (cache miss)
2395 http fetch GET 200 https://registry.npmjs.org/react-router-dom/-/react-router-dom-7.12.0.tgz 1842ms (cache miss)
2396 http fetch GET 200 https://registry.npmjs.org/brace-expansion/-/brace-expansion-2.0.2.tgz 1836ms (cache miss)
2397 http fetch GET 200 https://registry.npmjs.org/ignore/-/ignore-7.0.5.tgz 1845ms (cache miss)
2398 http fetch GET 200 https://registry.npmjs.org/globals/-/globals-14.0.0.tgz 1845ms (cache miss)
2399 http fetch GET 200 https://registry.npmjs.org/zod-validation-error/-/zod-validation-error-4.0.2.tgz 1911ms (cache miss)
2400 http fetch GET 200 https://registry.npmjs.org/d3-time-format/-/d3-time-format-4.1.0.tgz 1957ms (cache miss)
2401 http fetch GET 200 https://registry.npmjs.org/semver/-/semver-6.3.1.tgz 1881ms (cache miss)
2402 http fetch GET 200 https://registry.npmjs.org/@vitejs/plugin-react/-/plugin-react-5.1.2.tgz 1865ms (cache miss)
2403 http fetch GET 200 https://registry.npmjs.org/@eslint/js/-/js-9.39.2.tgz 1864ms (cache miss)
2404 http fetch GET 200 https://registry.npmjs.org/eslint-visitor-keys/-/eslint-visitor-keys-3.4.3.tgz 1879ms (cache miss)
2405 http fetch GET 200 https://registry.npmjs.org/baseline-browser-mapping/-/baseline-browser-mapping-2.9.16.tgz 1918ms (cache miss)
2406 http fetch GET 200 https://registry.npmjs.org/globals/-/globals-16.5.0.tgz 1894ms (cache miss)
2407 http fetch GET 200 https://registry.npmjs.org/@eslint/plugin-kit/-/plugin-kit-0.4.1.tgz 1932ms (cache miss)
2408 http fetch GET 200 https://registry.npmjs.org/@babel/helper-compilation-targets/-/helper-compilation-targets-7.28.6.tgz 1913ms (cache miss)
2409 http fetch GET 200 https://registry.npmjs.org/hermes-estree/-/hermes-estree-0.25.1.tgz 1973ms (cache miss)
2410 http fetch GET 200 https://registry.npmjs.org/@babel/template/-/template-7.28.6.tgz 1953ms (cache miss)
2411 http fetch GET 200 https://registry.npmjs.org/acorn/-/acorn-8.15.0.tgz 2022ms (cache miss)
2412 http fetch GET 200 https://registry.npmjs.org/@typescript-eslint/type-utils/-/type-utils-8.53.1.tgz 2057ms (cache miss)
2413 http fetch GET 200 https://registry.npmjs.org/redux/-/redux-5.0.1.tgz 2055ms (cache miss)
2414 http fetch GET 200 https://registry.npmjs.org/@babel/helper-module-transforms/-/helper-module-transforms-7.28.6.tgz 1987ms (cache miss)
2415 http fetch GET 200 https://registry.npmjs.org/@eslint-community/eslint-utils/-/eslint-utils-4.9.1.tgz 2019ms (cache miss)
2416 http fetch GET 200 https://registry.npmjs.org/@jridgewell/sourcemap-codec/-/sourcemap-codec-1.5.5.tgz 2011ms (cache miss)
2417 http fetch GET 200 https://registry.npmjs.org/@eslint-community/regexpp/-/regexpp-4.12.2.tgz 2035ms (cache miss)
2418 http fetch GET 200 https://registry.npmjs.org/json5/-/json5-2.2.3.tgz 2025ms (cache miss)
2419 http fetch GET 200 https://registry.npmjs.org/d3-format/-/d3-format-3.1.2.tgz 2115ms (cache miss)
2420 http fetch GET 200 https://registry.npmjs.org/@jridgewell/gen-mapping/-/gen-mapping-0.3.13.tgz 2050ms (cache miss)
2421 http fetch GET 200 https://registry.npmjs.org/@eslint/config-array/-/config-array-0.21.1.tgz 2095ms (cache miss)
2422 http fetch GET 200 https://registry.npmjs.org/react/-/react-19.2.3.tgz 2082ms (cache miss)
2423 http fetch GET 200 https://registry.npmjs.org/@types/react/-/react-19.2.9.tgz 2128ms (cache miss)
2424 http fetch GET 200 https://registry.npmjs.org/js-yaml/-/js-yaml-4.1.1.tgz 2208ms (cache miss)
2425 http fetch GET 200 https://registry.npmjs.org/undici-types/-/undici-types-7.16.0.tgz 2164ms (cache miss)
2426 http fetch GET 200 https://registry.npmjs.org/postcss/-/postcss-8.5.6.tgz 2264ms (cache miss)
2427 http fetch GET 200 https://registry.npmjs.org/d3-shape/-/d3-shape-3.2.0.tgz 2312ms (cache miss)
2428 http fetch GET 200 https://registry.npmjs.org/d3-array/-/d3-array-3.2.4.tgz 2341ms (cache miss)
2429 http fetch GET 200 https://registry.npmjs.org/@jridgewell/trace-mapping/-/trace-mapping-0.3.31.tgz 2276ms (cache miss)
2430 http fetch GET 200 https://registry.npmjs.org/uri-js/-/uri-js-4.4.1.tgz 2340ms (cache miss)
2431 http fetch GET 200 https://registry.npmjs.org/semver/-/semver-7.7.3.tgz 2286ms (cache miss)
2432 http fetch GET 200 https://registry.npmjs.org/esquery/-/esquery-1.7.0.tgz 2361ms (cache miss)
2433 http fetch GET 200 https://registry.npmjs.org/reselect/-/reselect-5.1.1.tgz 2400ms (cache miss)
2434 http fetch GET 200 https://registry.npmjs.org/csstype/-/csstype-3.2.3.tgz 2364ms (cache miss)
2435 http fetch GET 200 https://registry.npmjs.org/@eslint/eslintrc/-/eslintrc-3.3.3.tgz 2402ms (cache miss)
2436 http fetch GET 200 https://registry.npmjs.org/minimatch/-/minimatch-9.0.5.tgz 2388ms (cache miss)
2437 http fetch GET 200 https://registry.npmjs.org/immer/-/immer-10.2.0.tgz 2483ms (cache miss)
2438 http fetch GET 200 https://registry.npmjs.org/@typescript-eslint/typescript-estree/-/typescript-estree-8.53.1.tgz 2495ms (cache miss)
2439 http fetch GET 200 https://registry.npmjs.org/@babel/generator/-/generator-7.28.6.tgz 2428ms (cache miss)
2440 http fetch GET 200 https://registry.npmjs.org/@typescript-eslint/utils/-/utils-8.53.1.tgz 2553ms (cache miss)
2441 http fetch GET 200 https://registry.npmjs.org/hermes-parser/-/hermes-parser-0.25.1.tgz 2575ms (cache miss)
2442 http fetch GET 200 https://registry.npmjs.org/react-redux/-/react-redux-9.2.0.tgz 2610ms (cache miss)
2443 http fetch GET 200 https://registry.npmjs.org/immer/-/immer-11.1.3.tgz 2527ms (cache miss)
2444 http fetch GET 200 https://registry.npmjs.org/@babel/traverse/-/traverse-7.28.6.tgz 2574ms (cache miss)
2445 http fetch GET 200 https://registry.npmjs.org/@rollup/rollup-linux-x64-gnu/-/rollup-linux-x64-gnu-4.55.2.tgz 2702ms (cache miss)
2446 http fetch GET 200 https://registry.npmjs.org/@babel/parser/-/parser-7.28.6.tgz 2624ms (cache miss)
2447 http fetch GET 200 https://registry.npmjs.org/ajv/-/ajv-6.12.6.tgz 2675ms (cache miss)
2448 http fetch GET 200 https://registry.npmjs.org/vite/-/vite-7.3.1.tgz 2732ms (cache miss)
2449 http fetch GET 200 https://registry.npmjs.org/rollup/-/rollup-4.55.2.tgz 2847ms (cache miss)
2450 http fetch GET 200 https://registry.npmjs.org/@babel/core/-/core-7.28.6.tgz 2771ms (cache miss)
2451 http fetch GET 200 https://registry.npmjs.org/@types/node/-/node-24.10.9.tgz 2863ms (cache miss)
2452 http fetch GET 200 https://registry.npmjs.org/eslint-plugin-react-hooks/-/eslint-plugin-react-hooks-7.0.1.tgz 2870ms (cache miss)
2453 http fetch GET 200 https://registry.npmjs.org/axios/-/axios-1.13.2.tgz 2875ms (cache miss)
2454 http fetch GET 200 https://registry.npmjs.org/@babel/helpers/-/helpers-7.28.6.tgz 2936ms (cache miss)
2455 http fetch GET 200 https://registry.npmjs.org/@typescript-eslint/scope-manager/-/scope-manager-8.53.1.tgz 3061ms (cache miss)
2456 http fetch GET 200 https://registry.npmjs.org/react-router/-/react-router-7.12.0.tgz 3102ms (cache miss)
2457 http fetch GET 200 https://registry.npmjs.org/victory-vendor/-/victory-vendor-37.3.6.tgz 3134ms (cache miss)
2458 http fetch GET 200 https://registry.npmjs.org/@babel/types/-/types-7.28.6.tgz 3098ms (cache miss)
2459 http fetch GET 200 https://registry.npmjs.org/react-dom/-/react-dom-19.2.3.tgz 3214ms (cache miss)
2460 http fetch GET 200 https://registry.npmjs.org/@typescript-eslint/eslint-plugin/-/eslint-plugin-8.53.1.tgz 3411ms (cache miss)
2461 http fetch GET 200 https://registry.npmjs.org/eslint/-/eslint-9.39.2.tgz 3411ms (cache miss)
2462 http fetch GET 200 https://registry.npmjs.org/@reduxjs/toolkit/-/toolkit-2.11.2.tgz 3616ms (cache miss)
2463 http fetch GET 200 https://registry.npmjs.org/caniuse-lite/-/caniuse-lite-1.0.30001765.tgz 3730ms (cache miss)
2464 http fetch GET 200 https://registry.npmjs.org/zod/-/zod-4.3.5.tgz 3790ms (cache miss)
2465 http fetch GET 200 https://registry.npmjs.org/recharts/-/recharts-3.6.0.tgz 3829ms (cache miss)
2466 http fetch GET 200 https://registry.npmjs.org/typescript/-/typescript-5.9.3.tgz 3895ms (cache miss)
2467 http fetch GET 200 https://registry.npmjs.org/es-toolkit/-/es-toolkit-1.44.0.tgz 4142ms (cache miss)
2468 info run esbuild@0.27.2 postinstall node_modules/esbuild node install.js
2469 info run esbuild@0.27.2 postinstall { code: 0, signal: null }
2470 silly ADD node_modules/isexe
2471 silly ADD
2472 silly ADD
2473 silly ADD
2474 silly ADD
2475 silly ADD
2476 silly ADD
2477 silly ADD
2478 silly ADD node_modules/@rollup/rollup-linux-x64-gnu
2479 silly ADD
2480 silly ADD
2481 silly ADD
2482 silly ADD
2483 silly ADD
2484 silly ADD
2485 silly ADD
2486 silly ADD
2487 silly ADD
2488 silly ADD
2489 silly ADD
2490 silly ADD
2491 silly ADD
2492 silly ADD
2493 silly ADD
2494 silly ADD
2495 silly ADD
2496 silly ADD node_modules/source-map-js
2497 silly ADD node_modules/nanoid
2498 silly ADD
2499 silly ADD
2500 silly ADD
2501 silly ADD
2502 silly ADD
2503 silly ADD
2504 silly ADD
2505 silly ADD
2506 silly ADD
2507 silly ADD node_modules/@esbuild/linux-x64
2508 silly ADD
2509 silly ADD
2510 silly ADD
2511 silly ADD
2512 silly ADD
2513 silly ADD
2514 silly ADD
2515 silly ADD
2516 silly ADD
2517 silly ADD
2518 silly ADD
2519 silly ADD
2520 silly ADD
2521 silly ADD
2522 silly ADD
2523 silly ADD
2524 silly ADD node_modules/rollup
2525 silly ADD node_modules/postcss
2526 silly ADD
2527 silly ADD node_modules/esbuild
2528 silly ADD node_modules/d3-path
2529 silly ADD node_modules/d3-time-format
2530 silly ADD node_modules/d3-format
2531 silly ADD node_modules/d3-color
2532 silly ADD node_modules/internmap
2533 silly ADD node_modules/@types/d3-path
2534 silly ADD node_modules/@types/d3-color
2535 silly ADD node_modules/d3-timer
2536 silly ADD node_modules/d3-time
2537 silly ADD node_modules/d3-shape
2538 silly ADD node_modules/d3-scale
2539 silly ADD node_modules/d3-interpolate
2540 silly ADD node_modules/d3-ease
2541 silly ADD node_modules/d3-array
2542 silly ADD node_modules/@types/d3-timer
2543 silly ADD node_modules/@types/d3-time
2544 silly ADD node_modules/@types/d3-shape
2545 silly ADD node_modules/@types/d3-scale
2546 silly ADD node_modules/@types/d3-interpolate
2547 silly ADD node_modules/@types/d3-ease
2548 silly ADD node_modules/@types/d3-array
2549 silly ADD node_modules/punycode
2550 silly ADD node_modules/escalade
2551 silly ADD node_modules/picomatch
2552 silly ADD node_modules/fdir
2553 silly ADD node_modules/tinyglobby
2554 silly ADD node_modules/@typescript-eslint/tsconfig-utils
2555 silly ADD node_modules/@typescript-eslint/project-service
2556 silly ADD node_modules/@typescript-eslint/types
2557 silly ADD node_modules/ts-api-utils
2558 silly ADD node_modules/@typescript-eslint/visitor-keys
2559 silly ADD node_modules/@typescript-eslint/type-utils
2560 silly ADD node_modules/@typescript-eslint/scope-manager
2561 silly ADD node_modules/@typescript-eslint/utils
2562 silly ADD node_modules/@typescript-eslint/typescript-estree
2563 silly ADD node_modules/@typescript-eslint/typescript-estree/node_modules/brace-expansion
2564 silly ADD node_modules/@typescript-eslint/typescript-estree/node_modules/semver
2565 silly ADD node_modules/@typescript-eslint/typescript-estree/node_modules/minimatch
2566 silly ADD node_modules/@typescript-eslint/parser
2567 silly ADD node_modules/@typescript-eslint/eslint-plugin
2568 silly ADD node_modules/@typescript-eslint/eslint-plugin/node_modules/ignore
2569 silly ADD node_modules/has-flag
2570 silly ADD node_modules/shebang-regex
2571 silly ADD node_modules/@types/use-sync-external-store
2572 silly ADD node_modules/redux-thunk
2573 silly ADD node_modules/redux
2574 silly ADD node_modules/@standard-schema/utils
2575 silly ADD node_modules/@standard-schema/spec
2576 silly ADD node_modules/victory-vendor
2577 silly ADD node_modules/use-sync-external-store
2578 silly ADD node_modules/tiny-invariant
2579 silly ADD node_modules/reselect
2580 silly ADD node_modules/react-redux
2581 silly ADD node_modules/immer
2582 silly ADD node_modules/eventemitter3
2583 silly ADD node_modules/es-toolkit
2584 silly ADD node_modules/decimal.js-light
2585 silly ADD node_modules/clsx
2586 silly ADD node_modules/@reduxjs/toolkit
2587 silly ADD node_modules/@reduxjs/toolkit/node_modules/immer
2588 silly ADD node_modules/set-cookie-parser
2589 silly ADD node_modules/cookie
2590 silly ADD node_modules/react-router
2591 silly ADD node_modules/scheduler
2592 silly ADD node_modules/callsites
2593 silly ADD node_modules/yocto-queue
2594 silly ADD node_modules/p-limit
2595 silly ADD node_modules/word-wrap
2596 silly ADD node_modules/fast-levenshtein
2597 silly ADD node_modules/deep-is
2598 silly ADD node_modules/concat-map
2599 silly ADD node_modules/balanced-match
2600 silly ADD node_modules/brace-expansion
2601 silly ADD node_modules/mime-db
2602 silly ADD node_modules/yallist
2603 silly ADD node_modules/p-locate
2604 silly ADD node_modules/type-check
2605 silly ADD node_modules/prelude-ls
2606 silly ADD node_modules/json-buffer
2607 silly ADD node_modules/argparse
2608 silly ADD node_modules/is-extglob
2609 silly ADD node_modules/resolve-from
2610 silly ADD node_modules/parent-module
2611 silly ADD node_modules/hermes-estree
2612 silly ADD node_modules/dunder-proto
2613 silly ADD node_modules/math-intrinsics
2614 silly ADD node_modules/has-symbols
2615 silly ADD node_modules/gopd
2616 silly ADD node_modules/get-proto
2617 silly ADD node_modules/function-bind
2618 silly ADD node_modules/es-object-atoms
2619 silly ADD node_modules/es-define-property
2620 silly ADD node_modules/call-bind-apply-helpers
2621 silly ADD node_modules/has-tostringtag
2622 silly ADD node_modules/get-intrinsic
2623 silly ADD node_modules/es-errors
2624 silly ADD node_modules/delayed-stream
2625 silly ADD node_modules/mime-types
2626 silly ADD node_modules/hasown
2627 silly ADD node_modules/es-set-tostringtag
2628 silly ADD node_modules/combined-stream
2629 silly ADD node_modules/asynckit
2630 silly ADD node_modules/keyv
2631 silly ADD node_modules/flatted
2632 silly ADD node_modules/path-exists
2633 silly ADD node_modules/locate-path
2634 silly ADD node_modules/flat-cache
2635 silly ADD node_modules/acorn-jsx
2636 silly ADD node_modules/acorn
2637 silly ADD node_modules/estraverse
2638 silly ADD node_modules/esrecurse
2639 silly ADD node_modules/zod-validation-error
2640 silly ADD node_modules/zod
2641 silly ADD node_modules/hermes-parser
2642 silly ADD node_modules/which
2643 silly ADD node_modules/shebang-command
2644 silly ADD node_modules/path-key
2645 silly ADD node_modules/color-name
2646 silly ADD node_modules/color-convert
2647 silly ADD node_modules/supports-color
2648 silly ADD node_modules/ansi-styles
2649 silly ADD node_modules/uri-js
2650 silly ADD node_modules/json-schema-traverse
2651 silly ADD node_modules/fast-json-stable-stringify
2652 silly ADD node_modules/@humanfs/core
2653 silly ADD node_modules/levn
2654 silly ADD node_modules/strip-json-comments
2655 silly ADD node_modules/js-yaml
2656 silly ADD node_modules/import-fresh
2657 silly ADD node_modules/@types/json-schema
2658 silly ADD node_modules/@eslint/object-schema
2659 silly ADD node_modules/optionator
2660 silly ADD node_modules/natural-compare
2661 silly ADD node_modules/minimatch
2662 silly ADD node_modules/lodash.merge
2663 silly ADD node_modules/json-stable-stringify-without-jsonify
2664 silly ADD node_modules/is-glob
2665 silly ADD node_modules/imurmurhash
2666 silly ADD node_modules/ignore
2667 silly ADD node_modules/glob-parent
2668 silly ADD node_modules/find-up
2669 silly ADD node_modules/file-entry-cache
2670 silly ADD node_modules/fast-deep-equal
2671 silly ADD node_modules/esutils
2672 silly ADD node_modules/esquery
2673 silly ADD node_modules/espree
2674 silly ADD node_modules/eslint-visitor-keys
2675 silly ADD node_modules/eslint-scope
2676 silly ADD node_modules/escape-string-regexp
2677 silly ADD node_modules/cross-spawn
2678 silly ADD node_modules/chalk
2679 silly ADD node_modules/ajv
2680 silly ADD node_modules/@types/estree
2681 silly ADD node_modules/@humanwhocodes/retry
2682 silly ADD node_modules/@humanwhocodes/module-importer
2683 silly ADD node_modules/@humanfs/node
2684 silly ADD node_modules/@eslint/plugin-kit
2685 silly ADD node_modules/@eslint/eslintrc
2686 silly ADD node_modules/@eslint/eslintrc/node_modules/globals
2687 silly ADD node_modules/@eslint/core
2688 silly ADD node_modules/@eslint/config-helpers
2689 silly ADD node_modules/@eslint/config-array
2690 silly ADD node_modules/@eslint-community/regexpp
2691 silly ADD node_modules/@eslint-community/eslint-utils
2692 silly ADD node_modules/@eslint-community/eslint-utils/node_modules/eslint-visitor-keys
2693 silly ADD node_modules/ms
2694 silly ADD node_modules/update-browserslist-db
2695 silly ADD node_modules/node-releases
2696 silly ADD node_modules/electron-to-chromium
2697 silly ADD node_modules/caniuse-lite
2698 silly ADD node_modules/baseline-browser-mapping
2699 silly ADD node_modules/proxy-from-env
2700 silly ADD node_modules/form-data
2701 silly ADD node_modules/follow-redirects
2702 silly ADD node_modules/@types/babel__traverse
2703 silly ADD node_modules/@types/babel__template
2704 silly ADD node_modules/@types/babel__generator
2705 silly ADD node_modules/@jridgewell/resolve-uri
2706 silly ADD node_modules/@jridgewell/sourcemap-codec
2707 silly ADD node_modules/@babel/helper-string-parser
2708 silly ADD node_modules/@babel/helper-globals
2709 silly ADD node_modules/@babel/helper-plugin-utils
2710 silly ADD node_modules/@babel/helper-module-imports
2711 silly ADD node_modules/lru-cache
2712 silly ADD node_modules/browserslist
2713 silly ADD node_modules/@babel/helper-validator-option
2714 silly ADD node_modules/@babel/compat-data
2715 silly ADD node_modules/jsesc
2716 silly ADD node_modules/@jridgewell/trace-mapping
2717 silly ADD node_modules/@jridgewell/gen-mapping
2718 silly ADD node_modules/picocolors
2719 silly ADD node_modules/js-tokens
2720 silly ADD node_modules/@babel/helper-validator-identifier
2721 silly ADD node_modules/semver
2722 silly ADD node_modules/json5
2723 silly ADD node_modules/gensync
2724 silly ADD node_modules/debug
2725 silly ADD node_modules/convert-source-map
2726 silly ADD node_modules/@jridgewell/remapping
2727 silly ADD node_modules/@babel/types
2728 silly ADD node_modules/@babel/traverse
2729 silly ADD node_modules/@babel/template
2730 silly ADD node_modules/@babel/parser
2731 silly ADD node_modules/@babel/helpers
2732 silly ADD node_modules/@babel/helper-module-transforms
2733 silly ADD node_modules/@babel/helper-compilation-targets
2734 silly ADD node_modules/@babel/generator
2735 silly ADD node_modules/@babel/code-frame
2736 silly ADD node_modules/react-refresh
2737 silly ADD node_modules/@types/babel__core
2738 silly ADD node_modules/@rolldown/pluginutils
2739 silly ADD node_modules/@babel/plugin-transform-react-jsx-source
2740 silly ADD node_modules/@babel/plugin-transform-react-jsx-self
2741 silly ADD node_modules/@babel/core
2742 silly ADD node_modules/csstype
2743 silly ADD node_modules/undici-types
2744 silly ADD node_modules/typescript-eslint
2745 silly ADD node_modules/typescript
2746 silly ADD node_modules/react-is
2747 silly ADD node_modules/recharts
2748 silly ADD node_modules/react-router-dom
2749 silly ADD node_modules/react-dom
2750 silly ADD node_modules/react
2751 silly ADD node_modules/globals
2752 silly ADD node_modules/eslint-plugin-react-refresh
2753 silly ADD node_modules/eslint-plugin-react-hooks
2754 silly ADD node_modules/eslint
2755 silly ADD node_modules/axios
2756 silly ADD node_modules/vite
2757 silly ADD node_modules/@vitejs/plugin-react
2758 silly ADD node_modules/@types/react-dom
2759 silly ADD node_modules/@types/react
2760 silly ADD node_modules/@types/node
2761 silly ADD node_modules/@eslint/js
2762 verbose cwd /opt/mos/frontend
2763 verbose os Linux 6.1.159-181.297.amzn2023.x86_64
2764 verbose node v22.22.0
2765 verbose npm  v10.9.4
2766 verbose exit 0
2767 info ok
